Ticker,Sector,P/E,FreeCashFlow,SharpeRatio,FreeCashFlow_Pos,FreeCashFlow_Log,P/E_Pos,FreeCashFlow_Score,P/E_Score_raw,P/E_Score,SharpeRatio_Score,FinalScore,Rank
NVDA,Information Technology,50.16949,52436750336.0,1.153835237752226,52436750336.0,24.68287352475698,50.16949,0.9248901642330096,0.0989285812439012,0.9010714187560988,0.6100535978868623,0.8232935706860921,1
AAPL,Information Technology,37.31003,94873747456.0,0.5630856139783543,94873747456.0,25.2758128705408,37.31003,1.0,0.0706145646274905,0.9293854353725096,0.4424879364758092,0.8115620115544957,2
MSFT,Information Technology,38.027164,61070376960.0,0.5660521857154955,61070376960.0,24.83529275676761,38.027164,0.9441976761487784,0.0721935534802256,0.9278064465197744,0.4433294021919984,0.789019825073043,3
GOOG,Communication Services,27.24013,49786499072.0,0.5649018688953235,49786499072.0,24.631009681270164,27.24013,0.9183203779736911,0.0484426137115427,0.9515573862884572,0.4430031157399259,0.7856963017979913,4
GOOGL,Communication Services,27.184631,49786499072.0,0.5620045792258231,49786499072.0,24.631009681270164,27.184631,0.9183203779736911,0.048320415764802,0.951679584235198,0.4421813018271758,0.7854864170081886,5
PGR,Financials,13.660654,13717175296.0,1.1275139270894603,13717175296.0,23.34191455590465,13.660654,0.7550258962653837,0.0185432626418904,0.9814567373581096,0.6025875790306229,0.7772236534227732,6
AVGO,Information Technology,88.44615,23096750080.0,1.3745753117626645,23096750080.0,23.86295775544232,88.44615,0.8210283793575575,0.1832063026459432,0.8167936973540568,0.6726663444937776,0.7752493642973732,7
BRK-B,Unknown,16.889994,28266250240.0,0.6963329779341143,28266250240.0,24.064934358927548,16.889994,0.8466135081307142,0.0256536379158164,0.9743463620841836,0.4802834453919061,0.7750343454951126,8
META,Communication Services,28.253359,31991250944.0,0.6955183887784219,31991250944.0,24.18872829439461,28.253359,0.8622949470974426,0.0506735458612775,0.9493264541387224,0.4800523878251151,0.7737316314281283,9
XOM,Energy,16.025568,20748249088.0,0.7241074978655129,20748249088.0,23.755727698809807,16.025568,0.8074451486270919,0.0237503408778648,0.9762496591221352,0.4881616659025649,0.7623014569582468,10
TRV,Financials,12.256637,15664374784.0,0.7748406858570833,15664374784.0,23.474654848967734,12.256637,0.7718406036760561,0.015451891723693,0.9845481082763068,0.5025520943669813,0.754866302263409,11
IBM,Information Technology,42.89855,13859999744.0,1.020612837382433,13859999744.0,23.3522728123099,42.89855,0.756338015191143,0.0829193929905122,0.9170806070094876,0.5722651698720905,0.7493389391409306,12
MCK,Health Care,27.9324,5157624832.0,1.3989158782168407,5157624832.0,22.36374200678545,27.9324,0.6311171355488894,0.0499668568977296,0.9500331431022704,0.6795705268290253,0.7413279551989445,13
T,Communication Services,16.577143,12400000000.0,0.7467072399434238,12400000000.0,23.240962309638046,16.577143,0.7422378991602663,0.0249648011829784,0.9750351988170216,0.4945720647866341,0.7377773387452031,14
AMZN,Consumer Discretionary,35.340458,31024001024.0,0.3453632386592146,31024001024.0,24.158026968485643,35.340458,0.8584058957749952,0.0662779521775729,0.9337220478224272,0.3807311577050077,0.7376983199682285,15
V,Financials,33.327805,18054000640.0,0.6498579856691246,18054000640.0,23.61663313932697,33.327805,0.7898255226179138,0.061846483788926,0.938153516211074,0.4671008507620404,0.7375065191390998,16
GEV,Industrials,151.49757,3577999872.0,2.5285840281694707,3577999872.0,21.99806978653825,151.49757,0.5847960731963636,0.3220332015645828,0.6779667984354172,1.0,0.7373084688091707,17
ACGL,Financials,9.141675,8082999808.0,0.8724295690952705,8082999808.0,22.81302890406828,9.141675,0.6880299805255786,0.0085933544423851,0.9914066455576148,0.5302331035595192,0.7317039169453716,18
MA,Financials,39.36388,15459624960.0,0.7005786737506738,15459624960.0,23.461497621143916,39.36388,0.7701739286138876,0.0751367407552296,0.9248632592447704,0.481487733636911,0.7299748693100594,19
NFLX,Communication Services,52.345135,22694656000.0,0.5349978670391393,22694656000.0,23.845395315260344,52.345135,0.818803679635545,0.1037189261480738,0.8962810738519262,0.4345208693732537,0.726762054821772,20
CB,Financials,12.092275,12818124800.0,0.5142591080522616,12818124800.0,23.27412600636738,12.092275,0.7464388681674311,0.0150899987360321,0.984910001263968,0.4286383368643362,0.7226400487054636,21
WMT,Consumer Staples,38.615093,8344999936.0,0.9745702787973548,8344999936.0,22.84492838651078,38.615093,0.6920708067995393,0.0734880581853431,0.9265119418146568,0.5592052347119473,0.722543475677797,22
CVX,Energy,20.130156,14433874944.0,0.4965715925511681,14433874944.0,23.392843707640434,20.130156,0.7614772816386547,0.0327878411178064,0.9672121588821936,0.4236212871458357,0.7218409464638706,23
GILD,Health Care,22.636904,8835000320.0,0.7926973837742017,8835000320.0,22.90198697905084,22.636904,0.699298631273076,0.0383072100901547,0.9616927899098452,0.5076171325433656,0.7205124292451937,24
GE,Industrials,42.897438,5185500160.0,1.2614945102927495,5185500160.0,22.36913213704218,42.897438,0.6317999234279943,0.0829169445839324,0.9170830554160676,0.6405910650037117,0.7200222054971315,25
ABBV,Health Care,106.444984,20039749632.0,0.9253434258635516,20039749632.0,23.72098361972176,106.444984,0.803043986699258,0.2228362159511689,0.777163784048831,0.5452420769898277,0.7179393529913008,26
CEG,Utilities,34.468746,3516250112.0,1.391795726895076,3516250112.0,21.98066094990485,34.468746,0.5825908310080575,0.0643586127921925,0.9356413872078077,0.6775509015638301,0.7169940190347143,27
MO,Consumer Staples,12.551257,7045499904.0,0.8016037561016386,7045499904.0,22.67565493861565,12.551257,0.6706283085718185,0.0161005873590873,0.9838994126409126,0.5101434179776012,0.7164641726142815,28
AIG,Financials,14.388786,13437875200.0,0.41329984525039,13437875200.0,23.321343064379366,14.388786,0.7524200288002995,0.0201464669402778,0.979853533059722,0.4000013221864503,0.7149244680939715,29
PM,Consumer Staples,24.105028,7828749824.0,0.8048832917957879,7828749824.0,22.78106866945039,24.105028,0.6839814585472459,0.041539732088042,0.958460267911958,0.5110736556715343,0.714452760493946,30
HIG,Financials,11.893732,6151625216.0,0.8390369094350254,6151625216.0,22.53998214678037,11.893732,0.6534421306174342,0.0146528458694986,0.9853471541305012,0.5207613021785927,0.7132093891397019,31
UNH,Health Care,14.575325,27210000384.0,-0.1005554833722659,27210000384.0,24.026850403890776,14.575325,0.8417892716746429,0.0205571893458538,0.979442810654146,0.2542466664996805,0.7068225518160051,32
TMUS,Communication Services,22.468866,5070750208.0,0.9542566710734708,5070750208.0,22.346754613819957,22.468866,0.6289652791999721,0.0379372232692316,0.9620627767307685,0.5534432960209795,0.7062379335055131,33
AMGN,Health Care,23.317812,10421999616.0,0.5114592509487514,10421999616.0,23.06718475668425,23.317812,0.7202248491659283,0.0398064363738593,0.9601935636261408,0.4278441596215154,0.7045012566406682,34
BKNG,Consumer Discretionary,37.879635,7844125184.0,0.7848662015450079,7844125184.0,22.78303070448513,37.879635,0.6842299968341323,0.0718687234673477,0.9281312765326524,0.5053958239262184,0.703750128871314,35
VZ,Communication Services,10.111628,17947250688.0,0.0731291159100799,17947250688.0,23.61070277519153,10.111628,0.789074301300896,0.0107290013015174,0.9892709986984826,0.3035121650872858,0.7034646696560889,36
NEM,Materials,14.804348,9163750400.0,0.5050950335069188,9163750400.0,22.938521364261447,14.804348,0.7039265779467607,0.0210614532128856,0.9789385467871144,0.4260389544007456,0.7030638815350623,37
CSCO,Information Technology,26.74902,12958874624.0,0.3786264656617201,12958874624.0,23.285046689609462,26.74902,0.7478222317957837,0.047361285514209,0.952638714485791,0.3901662456154053,0.7019703807486725,38
VST,Utilities,33.913322,1735374976.0,1.5688040447403255,1735374976.0,21.274489352065626,33.913322,0.4931374440568132,0.0631356777416419,0.936864322258358,0.7277591702809858,0.6966420253845285,39
MRK,Health Care,12.559322,15555000320.0,0.067234857591954,15555000320.0,23.467647987932462,12.559322,0.7709530184865356,0.0161183449122047,0.9838816550877952,0.3018402633985554,0.6940977829405195,40
AFL,Financials,24.333334,4043249920.0,0.9561922602538516,4043249920.0,22.120314641425423,24.333334,0.6002812843553527,0.0420424172612628,0.9579575827387372,0.5539923243540974,0.6936974858699915,41
WRB,Financials,16.679544,3641584384.0,0.9500349024487652,3641584384.0,22.015684694496688,16.679544,0.5870274192070758,0.0251902681633599,0.97480973183664,0.552245794704933,0.6929276256453023,42
CAH,Health Care,23.1938,2071124992.0,1.3247364557903942,2071124992.0,21.45135777147393,23.1938,0.5155420256191383,0.0395333861968974,0.9604666138031026,0.6585295925960558,0.6919156721674029,43
ANET,Information Technology,58.901577,3328752384.0,1.3015718925943829,3328752384.0,21.925863411577325,58.901577,0.5756494226945734,0.1181549295053324,0.8818450704946675,0.6519589826506087,0.6904009850214122,44
JNJ,Health Care,18.864025,11079499776.0,0.2611790985012093,11079499776.0,23.128362370766272,18.864025,0.7279744454424966,0.0300000682119027,0.9699999317880972,0.3568523932365996,0.6892454756844077,45
UBER,Industrials,16.781942,5608500224.0,0.6461593216331138,5608500224.0,22.44754918116723,16.781942,0.6417333025289872,0.025415728538328,0.974584271461672,0.4660517276469512,0.6888841207441817,46
PG,Consumer Staples,23.969276,11380124672.0,0.2398269973360038,11380124672.0,23.15513422103274,23.969276,0.7313657354471,0.041240832726505,0.958759167273495,0.3507958867061225,0.6854128103727253,47
CAT,Industrials,23.754583,4527875072.0,0.7754749129709673,4527875072.0,22.233518587581525,23.754583,0.6146212499258953,0.0407681207176471,0.9592318792823528,0.5027319923839176,0.6844376614702393,48
HD,Consumer Discretionary,28.239809,11005500416.0,0.2595364280091445,11005500416.0,23.121661022676577,28.239809,0.7271255607158993,0.0506437114105967,0.9493562885894032,0.3563864510566878,0.6825730461801871,49
COP,Energy,12.321715,7256875008.0,0.3792568954676373,7256875008.0,22.70521513358575,12.321715,0.6743728085872617,0.0155951807555313,0.9844048192444688,0.390345066528954,0.6821740891669315,50
TJX,Consumer Discretionary,31.840548,3101874944.0,1.034667923031544,3101874944.0,21.855272586574767,31.840548,0.5667074199243076,0.0585718346659556,0.9414281653340444,0.5762518837491759,0.6819869826946892,51
BMY,Health Care,18.080322,16190499840.0,-0.0648857217346222,16190499840.0,23.507690477599777,18.080322,0.7760253498202534,0.0282745074368522,0.9717254925631478,0.2643643660472545,0.6812370975112221,52
COST,Consumer Staples,54.04318,5910374912.0,0.7822010068602775,5910374912.0,22.49997510340821,54.04318,0.6483742893979693,0.1074576892334143,0.8925423107665856,0.5046398435714903,0.6785043620606105,53
L,Financials,15.347619,3393625088.0,0.8045292662337964,3393625088.0,21.94516453478131,15.347619,0.5780943678719815,0.0222576297336115,0.9777423702663884,0.5109732366021618,0.6778524292093576,54
PH,Industrials,27.854036,3011249920.0,0.9701272602957324,3011249920.0,21.8256210856584,27.854036,0.562951353844515,0.0497943146915927,0.9502056853084072,0.5579449760441045,0.6776257399435596,55
WBD,Communication Services,62.35484,18288625664.0,0.157622397124096,18288625664.0,23.62954515519187,62.35484,0.7914611357677737,0.1257583394434508,0.8742416605565492,0.3274786171706073,0.6771005376252563,56
HCA,Health Care,16.889168,5593999872.0,0.484450799913884,5593999872.0,22.444960409023285,16.889168,0.6414053731177372,0.0256518192253173,0.9743481807746828,0.4201832339446877,0.674921573662906,57
AMP,Financials,15.245094,4572125184.0,0.5881803272815341,4572125184.0,22.24324396330028,15.245094,0.6158531994974697,0.0220318897294747,0.9779681102705252,0.4496060319655792,0.6746135224698193,58
GD,Industrials,21.77957,3491124992.0,0.7803917272124705,3491124992.0,21.9734898687824,21.77957,0.5816824434483372,0.0364195282495631,0.9635804717504368,0.5041266428369294,0.6729851117555449,59
LRCX,Information Technology,30.583132,4422444032.0,0.6835504635192542,4422444032.0,22.209958328858782,30.583132,0.6116367841860586,0.0558032504860802,0.9441967495139196,0.476657695334311,0.6709110471288926,60
BSX,Health Care,58.232147,2937874944.0,1.0855934987380826,2937874944.0,21.80095234912235,58.232147,0.5598264730907297,0.1166809755334297,0.8833190244665703,0.5906968828360839,0.6661353614270882,61
CRM,Information Technology,35.966522,13898874880.0,-0.0168725397085727,13898874880.0,23.35507372999398,35.966522,0.7566928178682534,0.06765642269647,0.93234357730353,0.2779832669806961,0.6657751804325692,62
EG,Financials,17.513317,5383374848.0,0.3953915844722609,5383374848.0,22.406581309805777,17.513317,0.6365437496488114,0.0270260732886385,0.9729739267113614,0.3949216582455089,0.6649861753465857,63
ALL,Financials,9.691439,2785499904.0,0.7232248267792872,2785499904.0,21.74769319331996,9.691439,0.5530799374225355,0.0098038272795886,0.9901961727204114,0.4879112969502718,0.6646642158702192,64
KLAC,Information Technology,34.36875,2753067008.0,0.920455192061736,2753067008.0,21.73598140316664,34.36875,0.5515963613346803,0.0641384411515812,0.9358615588484188,0.543855533355825,0.6645536721951453,65
RCL,Consumer Discretionary,24.449406,2445750016.0,0.8936211036351749,2445750016.0,21.617617668252645,24.449406,0.5366027861007662,0.0422979851106671,0.9577020148893328,0.5362440654943058,0.662824938555398,66
WDC,Information Technology,23.961798,3199500032.0,0.7220267993931762,3199500032.0,21.8862603948579,23.961798,0.5706327610363033,0.0412243676326163,0.9587756323673836,0.4875714774340784,0.6621572373549598,67
LOW,Consumer Discretionary,21.737707,6854249984.0,0.2482734306529498,6854249984.0,22.648134732596272,21.737707,0.6671422215561951,0.0363273541086884,0.9636726458913116,0.3531917108054708,0.6619161956315127,68
QCOM,Information Technology,16.105213,5465999872.0,0.3328682838285432,5465999872.0,22.421812901217745,16.105213,0.6384731920741754,0.0239257035955383,0.9760742964044616,0.3771869736949911,0.661367657859506,69
MCD,Consumer Discretionary,25.910883,5428375040.0,0.4033776671824255,5428375040.0,22.4149056703052,25.910883,0.6375982274034464,0.0455158717141871,0.9544841282858127,0.3971869042610093,0.6605406007254252,70
APH,Information Technology,49.18254,1797137536.0,1.2415685637638465,1797137536.0,21.309460978825147,49.18254,0.4975674302958612,0.0967555103140514,0.9032444896859486,0.6349390861026891,0.6604820448549358,71
ELV,Health Care,13.315365,12048000000.0,-0.1854945927717924,12048000000.0,23.21216450808695,13.315365,0.7385899743593004,0.0177830037753857,0.9822169962246144,0.2301537556057659,0.6591472152928343,72
VRTX,Health Care,27.248932,2914625024.0,0.762781355544625,2914625024.0,21.793007012110863,27.248932,0.5588200076532618,0.0484619939945606,0.9515380060054394,0.499131474905436,0.6587288473345674,73
BLK,Financials,27.625092,5920249856.0,0.3320615578231282,5920249856.0,22.50164449052602,27.625092,0.648585756883036,0.0492902247671148,0.9507097752328852,0.3769581465045287,0.6577346792744386,74
CI,Health Care,15.927591,4468125184.0,0.4066422897465487,4468125184.0,22.220234735889782,15.927591,0.6129385349466745,0.0235346146804952,0.9764653853195048,0.3981129118574595,0.6575489031317591,75
PFE,Health Care,12.714286,16017999872.0,-0.3888334223449238,16017999872.0,23.49697891891932,12.714286,0.7746684767791603,0.0164595453413787,0.9835404546586212,0.1724768581575611,0.6566725845565189,76
MPC,Energy,26.956396,1676625024.0,1.043787510146021,1676625024.0,21.24004869609744,26.956396,0.4887747178658935,0.0478178869196991,0.9521821130803008,0.5788386473883484,0.6548161152869522,77
TT,Industrials,32.039402,2353625088.0,0.8698287558168623,2353625088.0,21.57922256759488,32.039402,0.5317391356697935,0.0590096722936818,0.9409903277063182,0.529495384939541,0.653841368061675,78
LMT,Industrials,26.524958,3821625088.0,0.5333206611753887,3821625088.0,22.063941585069763,26.524958,0.5931402993040745,0.046867944799194,0.953132055200806,0.4340451312626028,0.6534092756606524,79
AZO,Consumer Discretionary,28.011366,1520323840.0,1.0857434098470409,1520323840.0,21.14218920240144,28.011366,0.4763784912501159,0.0501407245901623,0.9498592754098376,0.5907394050030301,0.6527310006239067,80
EOG,Energy,11.251212,3611000064.0,0.4357301733630895,3611000064.0,22.007250597242287,11.251212,0.5859590406888928,0.0132381424561068,0.9867618575438932,0.406363666933893,0.6523212736188929,81
ETN,Industrials,37.752014,2308250112.0,0.9033023337157846,2308250112.0,21.559755547571847,37.752014,0.5292731757243128,0.0715877269780237,0.9284122730219764,0.5389901387145758,0.6519299938106907,82
LIN,Materials,34.0206,3551624960.0,0.6057818356727037,3551624960.0,21.99067107119776,34.0206,0.5838588503622536,0.063371882922464,0.936628117077536,0.4545986858356856,0.6509115810188679,83
KR,Consumer Staples,16.64467,2607624960.0,0.6533092437036224,2607624960.0,21.681705667372587,16.64467,0.5447210516919466,0.025113482433984,0.974886517566016,0.4680797973613737,0.6507783151549955,84
RTX,Industrials,34.701756,2800750080.0,0.7490949020680204,2800750080.0,21.75315310432393,34.701756,0.5537715646888434,0.0648716552536792,0.9351283447463208,0.4952493232511902,0.6506219262747907,85
ABT,Health Care,17.069008,5919750144.0,0.1610782265258261,5919750144.0,22.501560079715173,17.069008,0.6485750642511763,0.0260477917426933,0.9739522082573068,0.3284588604346239,0.6501533463080497,86
OXY,Energy,27.117645,4515250176.0,0.3746002949933771,4515250176.0,22.230726432468533,27.117645,0.6142675572363073,0.0481729256900192,0.9518270743099808,0.3890242255042713,0.6479624128387985,87
SMCI,Information Technology,27.267859,1449158144.0,1.0484570618110507,1449158144.0,21.094248635116283,27.267859,0.4703056810023756,0.0485036675479213,0.9514963324520788,0.5801631620080028,0.6476201207389747,88
UAL,Industrials,10.662989,2323624960.0,0.6322505675948702,2323624960.0,21.566394286407466,10.662989,0.5301141295034617,0.0119429904204727,0.9880570095795272,0.4621065206150225,0.6470947108597496,89
FI,Financials,22.040134,4373499904.0,0.3334987521761036,4373499904.0,22.19882941910245,22.040134,0.6102270437294544,0.0369932392316447,0.9630067607683552,0.3773658055408462,0.6462025873845422,90
URI,Industrials,24.391712,2309625088.0,0.719799770298848,2309625088.0,21.560351049173985,24.391712,0.529348610130637,0.0421709542030965,0.9578290457969034,0.4869397824009291,0.6451700925116046,91
FOXA,Communication Services,12.346232,2585125120.0,0.5463239258852679,2585125120.0,21.67303974644336,12.346232,0.5436233072052767,0.0156491623959256,0.9843508376040744,0.4377334969659858,0.6440746232531287,92
ORLY,Consumer Discretionary,37.11786,1294162048.0,1.1506004654846644,1294162048.0,20.981129256250824,37.11786,0.4559764278855714,0.0701914438608972,0.9298085561391028,0.6091360573033147,0.6440739551869538,93
NRG,Utilities,70.84483,2119500032.0,1.1074957770802047,2119500032.0,21.474446064326678,70.84483,0.51846670568404,0.1444516374461011,0.8555483625538989,0.5969094466856574,0.6431240250454828,94
DELL,Information Technology,19.261314,1766000000.0,0.8132662549835542,1766000000.0,21.29198293969443,19.261314,0.4953534219694249,0.0308748209112786,0.9691251790887212,0.5134514765191702,0.6429143654701375,95
FOX,Communication Services,11.10998,2585125120.0,0.521424465121944,2585125120.0,21.67303974644336,11.10998,0.5436233072052767,0.0129271772060287,0.9870728227939712,0.4306707847040106,0.6427724051315052,96
COR,Health Care,29.77618,1288606848.0,1.0784039676449435,1288606848.0,20.97682750972531,29.77618,0.4554315096281813,0.0540264999587139,0.945973500041286,0.5886575780538633,0.6425619272798173,97
NOC,Industrials,21.14502,2474125056.0,0.6197694254841016,2474125056.0,21.62915265814362,21.14502,0.5380639662407681,0.0350223732178633,0.9649776267821368,0.4585662545720316,0.6422887509025578,98
MMC,Financials,23.651443,4343499776.0,0.287236884350212,4343499776.0,22.191946260323164,23.651443,0.6093551283655199,0.0405410266037561,0.959458973396244,0.3642436634887955,0.6408528424117197,99
TDG,Industrials,42.5501,1632249984.0,0.9926364528114414,1632249984.0,21.21322525884125,42.5501,0.4853768931451286,0.0821521742200516,0.9178478257799484,0.5643296906168,0.6388040121770759,100
CVS,Health Care,20.869081,5829250048.0,0.0660387587466803,5829250048.0,22.48615419249926,20.869081,0.6466235431270345,0.034414809491928,0.965585190508072,0.3015009909114383,0.6387752716766669,101
MET,Financials,13.43973,3001125120.0,0.4006291221831093,3001125120.0,21.82225309563781,13.43973,0.5625247180020628,0.0180568311893284,0.9819431688106716,0.3964072816557738,0.6385150223407587,102
JBL,Information Technology,42.731426,1401750016.0,1.0802098687969703,1401750016.0,21.060987305095757,42.731426,0.4660923444225081,0.0825514186188823,0.9174485813811176,0.5891698204807804,0.6384224583275727,103
ADP,Industrials,29.229229,3516012544.0,0.4215179496788324,3516012544.0,21.980593384737947,29.229229,0.5825822722766703,0.0528222207975079,0.947177779202492,0.4023323809779903,0.6378859569648128,104
CME,Financials,25.317522,2922299904.0,0.4990940896412238,2922299904.0,21.79563678190065,25.317522,0.559153130389037,0.0442094068071436,0.9557905931928564,0.4243367914412129,0.6376994675458355,105
MSI,Information Technology,38.31134,2032499968.0,0.8097047211211162,2032499968.0,21.43253238413409,38.31134,0.5131573436758675,0.0728192534696486,0.9271807465303512,0.5124412502688599,0.6371495365101103,106
PEP,Consumer Staples,25.821493,7594375168.0,-0.0729898897441242,7594375168.0,22.750673700880466,25.821493,0.680131214650187,0.0453190524118727,0.9546809475881272,0.2620656252304202,0.637076457705639,107
FDX,Industrials,13.584409,4405250048.0,0.1537578923866725,4405250048.0,22.206062859536207,13.584409,0.6111433305754415,0.0183753860594431,0.9816246139405568,0.3263824534723289,0.6368594524540423,108
AMAT,Information Technology,22.684965,3332375040.0,0.3781474800933526,3332375040.0,21.92695111223984,22.684965,0.5757872057894311,0.0384130310151859,0.961586968984814,0.3900303817395097,0.6358000875330696,109
ACN,Information Technology,19.084394,9149394944.0,-0.2622340588608378,9149394944.0,22.936953587817897,19.084394,0.7037279818643254,0.0304852776629793,0.9695147223370206,0.2083866670219497,0.6348616095534212,110
RSG,Industrials,33.571007,1870850048.0,0.7938911990698655,1870850048.0,21.349658736184264,33.571007,0.5026594299665078,0.0623819670416555,0.9376180329583444,0.5079557573034502,0.6347359090651415,111
DIS,Communication Services,17.83072,7444250112.0,-0.1525211302583603,7444250112.0,22.73070777443656,17.83072,0.6776020563698317,0.0277249326354617,0.9722750673645384,0.2395066520490665,0.6345753383720142,112
ICE,Financials,32.585415,3975624960.0,0.3149983302121501,3975624960.0,22.103447795587563,32.585415,0.5981446981601591,0.0602118861622872,0.9397881138377128,0.3721181755500397,0.6328297660803894,113
HWM,Industrials,55.622803,703124992.0,1.52482101447934,703124992.0,20.371045233401503,55.622803,0.378694812006796,0.1109357102288266,0.8890642897711734,0.7152834186936,0.6327822373421504,114
CTVA,Materials,32.654377,2477374976.0,0.5866754920186372,2477374976.0,21.630465359524766,32.654377,0.5382302510148348,0.0603637270027191,0.9396362729972808,0.4491791866389056,0.6319367382967899,115
VLO,Energy,65.309235,2656250112.0,0.7779846727343542,2656250112.0,21.700181233178174,65.309235,0.5470614204383075,0.1322633395850929,0.867736660414907,0.5034438837467055,0.6301787314238068,116
EQT,Energy,25.889473,1706654208.0,0.720886449301038,1706654208.0,21.257800687889013,25.889473,0.4910234287964183,0.0454687310803069,0.9545312689196932,0.4872480180364936,0.6289431576054234,117
DHI,Consumer Discretionary,13.528939,1818237440.0,0.5872232087479591,1818237440.0,21.32113342978409,13.528939,0.499046023141417,0.0182532519650323,0.9817467480349676,0.4493345460539966,0.6289427974832561,118
EMR,Industrials,34.020565,3172750080.0,0.4095807892544624,3172750080.0,21.87786458218445,34.020565,0.5695692321686086,0.0633718058593073,0.9366281941406926,0.3989464149081329,0.6285000755820911,119
ADBE,Information Technology,22.82595,8456625152.0,-0.2690038612652776,8456625152.0,22.85821601289045,22.82595,0.6937539999325416,0.0387234524195578,0.961276547580442,0.2064664179487885,0.6278244896317858,120
F,Consumer Discretionary,14.897436,4231875072.0,0.0773615680262782,4231875072.0,22.16591101145422,14.897436,0.6060571464039517,0.0212664147881608,0.9787335852118392,0.3047126967672058,0.6274567431552942,121
UNP,Industrials,19.150173,4991499776.0,0.0120154974986743,4991499776.0,22.331002258064803,19.150173,0.6269698696152893,0.0306301101597568,0.9693698898402432,0.2861773357819187,0.6274521155327643,122
SYK,Health Care,49.97745,3489499904.0,0.4563046073330873,3489499904.0,21.973024269196948,49.97745,0.5816234642143814,0.0985057467118901,0.9014942532881098,0.4121995887823347,0.626757538306886,123
JCI,Industrials,36.23,2771124992.0,0.4798400712663851,2771124992.0,21.74251920935234,36.23,0.5524245295990675,0.0682365497368013,0.9317634502631986,0.4188754044272189,0.6261614682467522,124
WAB,Industrials,28.080359,1348875008.0,0.8374227978893563,1348875008.0,21.0225367553204,28.080359,0.46122167004525,0.0502926336865331,0.9497073663134667,0.520303460721135,0.6254919161284805,125
SLB,Energy,11.791096,3010500096.0,0.2307230104552091,3010500096.0,21.82537204708934,11.791096,0.5629198072012455,0.0144268614650647,0.9855731385349352,0.3482135480608391,0.6253039288592305,126
HLT,Consumer Discretionary,41.32461,2054000000.0,0.681346432826978,2054000000.0,21.443054948939636,41.32461,0.5144902761587796,0.0794538848499501,0.92054611515005,0.4760325237796308,0.6247697021424161,127
SPGI,Financials,38.92249,4926624768.0,0.1406855721571255,4926624768.0,22.31791995949968,38.92249,0.6253126861214494,0.0741648862765565,0.9258351137234436,0.3226745002256594,0.6246779586333107,128
HON,Industrials,23.819113,4571874816.0,0.0590306889910865,4571874816.0,22.24318920214542,23.819113,0.6158462626979856,0.0409102031606313,0.9590897968393688,0.2995131574934345,0.6239193913790352,129
CBOE,Financials,27.322392,1037699968.0,0.9442418476955452,1037699968.0,20.760272532701748,27.322392,0.4279996839711023,0.0486237385515359,0.951376261448464,0.5506025993269782,0.6217935318210736,130
INTU,Information Technology,50.249817,5013875200.0,0.1745143802209026,5013875200.0,22.33547494626505,50.249817,0.6275364416914154,0.0991054455922289,0.900894554407771,0.3322700147547117,0.6209639474253109,131
MDLZ,Consumer Staples,23.336996,3486749952.0,0.1745464758395714,3486749952.0,21.972235893723475,23.336996,0.5815235977562752,0.0398486757909708,0.9601513242090292,0.332279118651446,0.6203385719606526,132
LHX,Industrials,31.760628,2885874944.0,0.3421726448124662,2885874944.0,21.783093964758415,31.760628,0.5575642850167276,0.0583958664520506,0.9416041335479494,0.3798261482954223,0.6194547985597025,133
PLD,Real Estate,30.595688,5036831232.0,-0.0070345075275622,5036831232.0,22.340042997689004,30.595688,0.6281150937823383,0.0558308963431096,0.9441691036568904,0.2807738169921596,0.6187289137076503,134
DE,Industrials,24.510962,2331249920.0,0.3938357168445809,2331249920.0,21.569670407469,24.510962,0.5305291279626374,0.0424335193871328,0.9575664806128672,0.3944803376291118,0.6178256966576486,135
CCL,Consumer Discretionary,15.979058,2056000000.0,0.3944114080882843,2056000000.0,21.44402818502571,15.979058,0.5146135595993334,0.0236479349515794,0.9763520650484204,0.3946436319929803,0.6171441329521536,136
GWW,Industrials,25.059883,1113874944.0,0.8253477951894767,1113874944.0,20.831110714519983,25.059883,0.4369730203506714,0.043642136103161,0.9563578638968387,0.51687839579935,0.6167600860491251,137
ADI,Information Technology,62.424934,3380657152.0,0.4420118438861075,3380657152.0,21.941335951507945,62.424934,0.5776093869663841,0.1259126727265522,0.8740873272734477,0.4081454577867277,0.6157135903046063,138
CTAS,Industrials,45.484093,1556821248.0,0.7622220128369965,1556821248.0,21.165911918454974,45.484093,0.4793835360652352,0.0886122531467275,0.9113877468532724,0.4989728177908357,0.6148615838193265,139
PHM,Consumer Discretionary,9.872754,800167616.0,0.8810670225313352,800167616.0,20.50033178493569,9.872754,0.3950720211120149,0.01020304745857,0.98979695254143,0.532683110363883,0.6147728273163999,140
GL,Financials,11.625099,1342722432.0,0.5778570102765417,1342722432.0,21.01796505628402,11.625099,0.4606425558976729,0.0140613685270818,0.9859386314729182,0.4466778312993698,0.6140419611907555,141
SPG,Real Estate,27.931995,2046775552.0,0.4496789952148187,2046775552.0,21.43953149081372,27.931995,0.5140439465922714,0.0499659651669159,0.950034034833084,0.4103202391692815,0.6137238608376183,142
HPQ,Information Technology,10.24,2767624960.0,0.1316353723980046,2767624960.0,21.74125537455389,10.24,0.5522644349370706,0.0110116513460046,0.9889883486539952,0.3201074182547029,0.6136345040474377,143
CF,Materials,11.152031,1545624960.0,0.4728724619149919,1545624960.0,21.158694171007443,11.152031,0.4784692371082736,0.0130197652861453,0.9869802347138548,0.4168990475707194,0.6125514795286816,144
CMI,Industrials,19.87987,1225500032.0,0.6700291522519886,1225500032.0,20.926614787860224,19.87987,0.4490708770954985,0.0322367602821527,0.9677632397178472,0.4728223861365326,0.6118040385945133,145
WELL,Real Estate,92.803375,2066642688.0,0.9231793846467552,2066642688.0,21.44919123816527,92.803375,0.5152675827740913,0.192800060163867,0.8071999398361329,0.5446282484180941,0.6116554895859047,146
CL,Consumer Staples,22.800562,2730125056.0,0.2036023141276926,2730125056.0,21.727613253519014,22.800562,0.5505363366455179,0.038667553007463,0.961332446992537,0.3405207840959344,0.6107705039847486,147
AON,Financials,29.597305,3132000000.0,0.167273160857687,3132000000.0,21.86493761539425,29.597305,0.5679317251293455,0.0536326521826595,0.9463673478173404,0.330216048635752,0.6101477089876659,148
ITW,Industrials,22.990341,2327000064.0,0.2753552124159154,2327000064.0,21.567845749199527,22.990341,0.530297991702368,0.0390854092595487,0.9609145907404512,0.3608734366850596,0.6086556049086005,149
GDDY,Information Technology,25.85,1225512448.0,0.6743343237555974,1225512448.0,20.92662491918358,25.85,0.4490721604679696,0.0453818192521353,0.9546181807478646,0.4740435446129134,0.6082273817954214,150
MAR,Consumer Discretionary,30.204721,1501874944.0,0.5867943516529308,1501874944.0,21.12998012783412,30.204721,0.4748319222930393,0.0549700634516454,0.9450299365483544,0.4492129010797346,0.6082056202056425,151
MDT,Health Care,26.265194,4464875008.0,-0.1045777219584083,4464875008.0,22.21950705737801,26.265194,0.6128463571988171,0.0462959952606951,0.9537040047393048,0.2531057617205384,0.6071814728174798,152
BKR,Energy,15.470589,1096875008.0,0.6261453571967626,1096875008.0,20.815731072823635,15.470589,0.4350248238442634,0.022528385630307,0.9774716143696928,0.4603747825364145,0.6053638486095376,153
VLTO,Industrials,29.860336,777124992.0,0.9374262512689868,777124992.0,20.47111176154621,29.860336,0.3913706118979075,0.054211795016389,0.9457882049836108,0.5486693608158281,0.6048855144989947,154
MU,Information Technology,29.320719,1219874944.0,0.6620064669505513,1219874944.0,20.92201418633931,29.320719,0.4484881017625369,0.0530236638892268,0.9469763361107733,0.4705467578250999,0.6046521688857767,155
PFG,Financials,16.47379,1637699968.0,0.3814208841405936,1637699968.0,21.21655863649111,16.47379,0.4857991445096415,0.0247372380847336,0.9752627619152664,0.3909588801966691,0.6041861504374373,156
TMO,Health Care,27.705372,5182750208.0,-0.2183769714827222,5182750208.0,22.368601680703577,27.705372,0.6317327285475107,0.049466985630632,0.950533014369368,0.2208266950106757,0.6041010042330174,157
PWR,Industrials,60.24496,949285632.0,1.039867766539907,949285632.0,20.67122029442801,60.24496,0.4167191052087309,0.1211127962107931,0.8788872037892068,0.5777268152288553,0.603671847788911,158
CINF,Financials,13.52773,1503750016.0,0.3996251870923588,1503750016.0,21.13122783655823,13.52773,0.4749899742051273,0.018250589983418,0.981749410016582,0.3961225162649459,0.6033575675665093,159
KO,Consumer Staples,23.556738,1707124992.0,0.4006263403387383,1707124992.0,21.2580765018624,23.556738,0.4910583671798985,0.0403325047106395,0.9596674952893604,0.3964064925878282,0.603245543235116,160
CARR,Industrials,34.706898,2508999936.0,0.2494438494184729,2508999936.0,21.64315007922109,34.706898,0.5398370717122905,0.0648829769323065,0.9351170230676934,0.3535236991583705,0.6025270453527354,161
OMC,Communication Services,10.731045,1729062528.0,0.284946600970886,1729062528.0,21.2708452078288,10.731045,0.4926758267310526,0.0120928364260473,0.9879071635739528,0.3635940264279645,0.6025206876929963,162
APA,Energy,8.124567,2051250048.0,0.1534704415471801,2051250048.0,21.44171522425645,8.124567,0.5143205682423756,0.006353881493079,0.993646118506921,0.3263009182700973,0.6017123383300557,163
NVR,Consumer Discretionary,17.123304,1189820416.0,0.5457867474826454,1189820416.0,20.897068222597746,17.123304,0.445328103605893,0.0261673409186466,0.9738326590813532,0.43758112673889,0.6015553771884302,164
PANW,Information Technology,130.11874,3386425088.0,0.791708272366376,3386425088.0,21.9430406558962,130.11874,0.5778253282216637,0.2749611979299498,0.7250388020700502,0.5073365718784214,0.6008427434732069,165
REGN,Health Care,14.926626,2850962432.0,-0.0062973023663586,2850962432.0,21.770922470010053,14.926626,0.5560224764353119,0.0213306854608821,0.978669314539118,0.2809829246503983,0.6003046623309797,166
FCX,Materials,34.045452,2174874880.0,0.2915782141029653,2174874880.0,21.500236973855365,34.045452,0.5217337362711577,0.0634266021673585,0.9365733978326416,0.3654750782238171,0.5993080373254006,167
OKE,Energy,13.947369,1448999936.0,0.3754592615193562,1448999936.0,21.09413945680669,13.947369,0.4702918509791853,0.0191745530128838,0.9808254469871162,0.3892678706768846,0.5991447356908743,168
NTAP,Information Technology,22.19149,1428375040.0,0.4417408524557971,1428375040.0,21.079803300135097,22.19149,0.4684758366080863,0.037326495550261,0.962673504449739,0.4080685912828328,0.5986129633630061,169
WMB,Energy,30.358585,580875008.0,1.0341775365744603,580875008.0,20.180046160863284,30.358585,0.3545002479725457,0.0553088418958933,0.9446911581041066,0.5761127860202544,0.5980412824263266,170
EXPE,Consumer Discretionary,27.392857,1759000064.0,0.3467732329739203,1759000064.0,21.288011339654645,27.392857,0.494850324597254,0.0487788887040987,0.9512211112959011,0.3811311014720814,0.5976457936692965,171
NDAQ,Financials,34.45,1904000000.0,0.3503143072606252,1904000000.0,21.367222773840798,34.45,0.5048843320465735,0.0643173377654424,0.9356826622345576,0.3821355243799909,0.5972991888029939,172
WM,Industrials,32.15453,1450375040.0,0.4889550959974175,1450375040.0,21.095088008900536,32.15453,0.4704120076064888,0.0592631616396586,0.9407368383603414,0.4214608739499523,0.5968241167356836,173
SNPS,Information Technology,67.14092,2632420608.0,0.4036806214033756,2632420608.0,21.69116964349295,67.14092,0.5459198888026188,0.1362963518209123,0.8637036481790876,0.3972728369850735,0.5966609010702958,174
ECL,Materials,35.444595,2128974976.0,0.2764286838711763,2128974976.0,21.478906469383325,35.444595,0.5190317218086091,0.0665072414905288,0.9334927585094712,0.3611779260104317,0.5960138940794145,175
AME,Industrials,30.20418,1420693376.0,0.4693174693073401,1420693376.0,21.074410883045,30.20418,0.4677927590472793,0.0549688722754227,0.9450311277245772,0.4158906767421318,0.5953936449589246,176
LDOS,Industrials,17.70066,809000000.0,0.7031335578296848,809000000.0,20.51130947625886,17.70066,0.3964626061663665,0.0274385659450151,0.9725614340549849,0.4822124244759727,0.5950172000258338,177
AMT,Real Estate,36.13271,4460037632.0,-0.1721421402193371,4460037632.0,22.21842304083516,36.13271,0.6127090407851216,0.0680223361791083,0.9319776638208916,0.2339411681632529,0.5948592659092921,178
BLDR,Industrials,18.810606,969905152.0,0.59696888856339,969905152.0,20.69270884426852,18.810606,0.4194411398668586,0.0298824500184768,0.9701175499815232,0.4520989003903408,0.5944413910583026,179
ABNB,Consumer Discretionary,30.834953,3383124992.0,-0.0589890095488773,3383124992.0,21.942065673446425,30.834953,0.5777018235627148,0.0563577110916081,0.943642288908392,0.2660369637735853,0.593984505229679,180
CMCSA,Communication Services,5.238806,3575500032.0,-0.3015218753959156,3575500032.0,21.997370872682204,5.238806,0.5847075391746023,0.0,1.0,0.1972427090773969,0.5930558283930599,181
CTRA,Energy,11.138757,1287250048.0,0.3514804416980547,1287250048.0,20.975774034956167,11.138757,0.4552980620547361,0.0129905385335005,0.9870094614664996,0.3824662974866308,0.5929619525078336,182
MNST,Consumer Staples,39.832294,1438209536.0,0.5016829892530063,1438209536.0,21.086664799816354,39.832294,0.4693450083333885,0.076168096798124,0.923831903201876,0.4250711307591185,0.5924089135216538,183
FTNT,Information Technology,33.5498,1903687552.0,0.2838078739993037,1903687552.0,21.36705865953453,33.5498,0.504863543076035,0.0623352733740844,0.9376647266259156,0.3632710274272358,0.5922261434463595,184
KMB,Consumer Staples,17.02459,1951374976.0,0.1349484760828706,1951374976.0,21.391800077454544,17.02459,0.5079976306514822,0.0259499919913765,0.9740500080086234,0.3210471774825319,0.5917282079079395,185
TEL,Information Technology,44.479424,1495124992.0,0.4998835145484179,1495124992.0,21.12547564765202,44.479424,0.47426132300814,0.0864001684433269,0.9135998315566732,0.4245607111889112,0.5911526920269313,186
AJG,Financials,45.26435,984899968.0,0.7514763126697562,984899968.0,20.70805063966465,45.26435,0.4213845422414325,0.0881284220252543,0.9118715779747456,0.4959248084762538,0.5908927328318728,187
EBAY,Consumer Discretionary,20.246666,1521624960.0,0.2889837664546248,1521624960.0,21.14304465406354,20.246666,0.4764868544989101,0.0330443733575722,0.9669556266424276,0.3647391652097498,0.5901031793552173,188
HAL,Energy,10.568074,1702749952.0,0.1442409417354306,1702749952.0,21.25551040048329,10.568074,0.490733309558884,0.0117340061484157,0.9882659938515844,0.3236829779816732,0.5898780153735309,189
MCO,Financials,40.80985,2095250048.0,0.2526150529095183,2095250048.0,21.46293873832952,40.80985,0.5170090298325227,0.0783204839767047,0.9216795160232952,0.3544232085089672,0.5896344292926878,190
SYY,Consumer Staples,22.088472,1693874944.0,0.2093578008865267,1693874944.0,21.250284608137225,22.088472,0.4900713389751194,0.0370996700565164,0.9629003299434836,0.3421533233421308,0.5875446315757321,191
WSM,Consumer Discretionary,22.07684,808696512.0,0.6491335953977915,808696512.0,20.510934266198216,22.07684,0.3964150769102404,0.0370740586668249,0.9629259413331752,0.4668953780371316,0.5875124265751882,192
AIZ,Financials,15.19942,1122649984.0,0.3958191048684529,1122649984.0,20.83895778558124,15.19942,0.4379670380741601,0.0219313245117332,0.9780686754882668,0.395042924066208,0.5871202950960065,193
PSA,Real Estate,30.392157,2450291712.0,0.0469692813997885,2450291712.0,21.619472920945803,30.392157,0.5368377978706549,0.0553827608758385,0.9446172391241614,0.2960919488133968,0.5869478755295294,194
VICI,Real Estate,12.199234,1107510016.0,0.3714370231961836,1107510016.0,20.82538010453792,12.199234,0.4362471026363925,0.0153255015412257,0.9846744984587744,0.3881269659723337,0.5863392803838894,195
DAL,Industrials,8.686046,944374976.0,0.4356780639084706,944374976.0,20.666033866636543,8.686046,0.4160621210797399,0.0075901484697456,0.9924098515302544,0.4063488861284932,0.5860524697295202,196
SNA,Industrials,17.9574,653512512.0,0.725421649945299,653512512.0,20.297872238511648,17.9574,0.3694257161577247,0.0280038572267716,0.9719961427732284,0.4885344240958538,0.5859294565238145,197
GM,Consumer Discretionary,9.00458,1409874944.0,0.1971702589418305,1409874944.0,21.066766845913804,9.00458,0.4668244603880602,0.0082914980574337,0.9917085019425662,0.3386963367529701,0.585851235763885,198
DRI,Consumer Discretionary,19.79957,1013212480.0,0.4702068317093461,1013212480.0,20.73639179441308,19.79957,0.4249746218907891,0.0320599553825459,0.967940044617454,0.4161429436808295,0.5852147452458007,199
CHTR,Communication Services,7.189211,3736000000.0,-0.4059412296103246,3736000000.0,22.041281357580672,7.189211,0.5902698438734295,0.0042944104634821,0.9957055895365178,0.1676242422195152,0.5851068870761817,200
GEHC,Health Care,15.35041,1583000064.0,0.1673362425604398,1583000064.0,21.182587658906563,15.35041,0.481495914229238,0.0222637749699104,0.9777362250300896,0.3302339417106171,0.5849894157139072,201
DLR,Real Estate,45.28421,1932879232.0,0.2767154320385991,1932879232.0,21.38227655875941,45.28421,0.5067912510610543,0.0881721498621932,0.9118278501378068,0.3612592619002892,0.5846426340358505,202
RL,Consumer Discretionary,24.936155,619862528.0,0.795054668803309,619862528.0,20.2450082839989,24.936155,0.3627292421091062,0.043369711238671,0.9566302887613288,0.5082857745689219,0.5845665158427177,203
DLTR,Consumer Staples,18.46124,2023337472.0,0.0350624401538957,2023337472.0,21.42801419931137,18.46124,0.5125850083730876,0.029113214395114,0.970886785604886,0.2927145827544247,0.5841144138570282,204
FICO,Information Technology,57.79382,638329984.0,1.010195286528923,638329984.0,20.274365925466345,57.79382,0.3664480839178095,0.1157158651818736,0.8842841348181263,0.5693102398496216,0.5826575459674481,205
LYV,Communication Services,69.37289,1802233600.0,0.4805067292105524,1802233600.0,21.312292622025986,69.37289,0.497926125088639,0.1412107133623246,0.8587892866376753,0.4190645014233976,0.5825265864537775,206
GLW,Information Technology,84.6383,1089624960.0,0.8963651000991197,1089624960.0,20.80909940150388,84.6383,0.4341847653336769,0.1748221614632808,0.8251778385367191,0.5370223979110972,0.5823339770678156,207
GPN,Financials,14.744464,3003546368.0,-0.2570750134560204,3003546368.0,21.82305955045728,14.744464,0.562626874638276,0.0209296003535076,0.9790703996464925,0.2098500261519739,0.5817268775948502,208
EA,Communication Services,43.2725,1755000064.0,0.280003517065392,1755000064.0,21.285734730901275,43.2725,0.4945619380855692,0.0837427577751694,0.9162572422248306,0.3621919246056339,0.581359525283367,209
ROST,Consumer Discretionary,23.203173,1208986752.0,0.3392457443751509,1208986752.0,20.913048451529797,23.203173,0.4473523787347742,0.0395540237102724,0.9604459762897276,0.3789959353119083,0.5807735249744005,210
SHW,Materials,34.370663,1781549952.0,0.1889820253309317,1781549952.0,21.300749582471116,34.370663,0.4964639252677243,0.0641426532035482,0.9358573467964516,0.3363737507950929,0.5802548993845531,211
HST,Real Estate,18.531916,1295500032.0,0.2459782311074624,1295500032.0,20.98216258343923,18.531916,0.4561073232899101,0.0292688291284218,0.9707311708715782,0.3525406792780142,0.5794244843608418,212
BDX,Health Care,34.25641,3369374976.0,-0.2013411294937902,3369374976.0,21.937993097344016,34.25641,0.5771859351765323,0.06389109043649,0.93610890956351,0.2256588980552302,0.579404716356235,213
BRO,Financials,26.43516,1000625024.0,0.4569826637095674,1000625024.0,20.72389066669964,26.43516,0.4233910574737279,0.0466702271606524,0.9533297728393476,0.4123919189347825,0.5790729305217301,214
GRMN,Consumer Discretionary,28.99137,765877504.0,0.6333617973199916,765877504.0,20.456532799773477,28.99137,0.3895238405001412,0.052298501786106,0.947701498213894,0.4624217200436401,0.5788465016773168,215
ADM,Consumer Staples,26.80435,1695874944.0,0.1385395676087417,1695874944.0,21.25146463633811,26.80435,0.4902208175432042,0.0474831113559928,0.9525168886440072,0.3220657877405903,0.578463129932661,216
OTIS,Industrials,23.587303,1437250048.0,0.2103849782639228,1437250048.0,21.08599743656056,23.587303,0.4692604709436943,0.0403998028645185,0.9596001971354814,0.3424446813890988,0.5783176519348517,217
NXPI,Information Technology,26.736277,1407874944.0,0.2468634107053776,1407874944.0,21.06534727326617,26.736277,0.4666446378325466,0.0473332279197421,0.952666772080258,0.352791759767655,0.5782954146873925,218
VMC,Materials,41.30236,1071025024.0,0.5205278586561891,1071025024.0,20.791881994152117,41.30236,0.4320037722055936,0.0794048947003081,0.920595105299692,0.4304164629923863,0.5781049793698609,219
ROP,Information Technology,35.4617,2110612480.0,0.0712237267728221,2110612480.0,21.470244017668097,35.4617,0.5179344167801999,0.0665449033561299,0.93345509664387,0.3029717029724047,0.5781018065969624,220
NOW,Information Technology,120.44486,3972624896.0,0.3490064116131572,3972624896.0,22.102692896283678,120.44486,0.5980490722531605,0.253661205623495,0.746338794376505,0.381764540818758,0.5776506294598431,221
DVA,Health Care,12.823647,1096789760.0,0.2796156668104093,1096789760.0,20.815653350829635,12.823647,0.4350149785097509,0.0167003368809291,0.9832996631190708,0.3620819111889694,0.5776204636963125,222
YUM,Consumer Discretionary,28.729782,1333624960.0,0.2851538706346707,1333624960.0,21.011166606232297,28.729782,0.4597813709038184,0.0517225361562386,0.9482774638437612,0.3636528183034136,0.5774916330056798,223
PAYX,Industrials,28.38428,1509437440.0,0.2069523840012575,1509437440.0,21.13500286272801,28.38428,0.4754681708329016,0.0509618083053799,0.94903819169462,0.3414710287538168,0.5773400344676918,224
GIS,Consumer Staples,9.517959,2124150016.0,-0.1440685357813171,2124150016.0,21.476637567304653,9.517959,0.5187443115301174,0.0094218582386946,0.9905781417613054,0.2419042237565812,0.577242434267413,225
CPAY,Financials,20.539455,1213965440.0,0.2499335533663537,1213965440.0,20.91715806212745,20.539455,0.447872958418432,0.0336890374889667,0.9663109625110332,0.353662603294099,0.5751412531089125,226
CDNS,Information Technology,100.9054,1514491648.0,0.7363154828314683,1514491648.0,21.13834567438533,100.9054,0.4758916172382823,0.2106391350920969,0.7893608649079031,0.491624451138463,0.5746522417092228,227
BR,Industrials,34.008453,1036300032.0,0.4346775031602344,1036300032.0,20.758922545998505,34.008453,0.427828676126389,0.0633451376034662,0.9366548623965336,0.4060650778672384,0.5739474525296873,228
NSC,Industrials,19.15665,1454625024.0,0.1137947552029676,1454625024.0,21.09801398957908,19.15665,0.470782652478996,0.0306443712473627,0.9693556287526373,0.3150469413623603,0.5736338320260976,229
CTSH,Information Technology,13.5780945,1835124992.0,-0.0696202536358643,1835124992.0,21.330378432209443,13.5780945,0.5002171220384142,0.0183614827650649,0.981638517234935,0.2630214198352277,0.5734848299364145,230
GEN,Information Technology,30.197918,1315374976.0,0.2569235854070714,1315374976.0,20.997387615539743,30.197918,0.4580359348228571,0.0549550845757796,0.9450449154242204,0.3556453203286098,0.5734214446549919,231
HUBB,Industrials,28.646334,476600000.0,0.8485192918075849,476600000.0,19.982188124727116,28.646334,0.3294368334681128,0.0515387999761342,0.9484612000238658,0.523450972404466,0.5733483851157446,232
UHS,Health Care,9.938883,742977728.0,0.428741386796758,742977728.0,20.4261766278048,9.938883,0.3856785111130893,0.0103486505869149,0.989651349413085,0.4043813031772022,0.5724812002223219,233
FFIV,Information Technology,28.985008,857785280.0,0.4813179932467785,857785280.0,20.56986437088841,28.985008,0.4038799727996521,0.0522844939060151,0.9477155060939848,0.4192946158226939,0.5716550256948645,234
DECK,Consumer Discretionary,17.479261,718363648.0,0.4961644611433308,718363648.0,20.39248647372772,17.479261,0.3814108537925102,0.0269510886353258,0.9730489113646742,0.4235058046454836,0.5715307563200515,235
IQV,Health Care,27.094067,2451624960.0,-0.1672359207222144,2451624960.0,21.620016891038134,27.094067,0.5369067045886652,0.04812101154403,0.95187898845597,0.2353328134254391,0.5709262223998889,236
DGX,Health Care,21.988024,924499968.0,0.3616606207452492,924499968.0,20.644763575259816,21.988024,0.413367734034282,0.0368785032002809,0.963121496799719,0.3853538971848391,0.5698897118090802,237
DHR,Health Care,40.95127,3883249920.0,-0.3488191027392019,3883249920.0,22.079938248488507,40.95127,0.5951666562506073,0.0786318631660247,0.9213681368339752,0.1838268881208686,0.5696251699866961,238
ISRG,Health Care,61.35944,1824712448.0,0.2579178602406503,1824712448.0,21.32468824937486,61.35944,0.4994963253815069,0.1235666632657594,0.8764333367342405,0.3559273455951663,0.5695067348514249,239
O,Real Estate,57.436893,2443675392.0,0.0515324501933863,2443675392.0,21.61676905151324,57.436893,0.5364952886570913,0.1149299817148505,0.8850700182851495,0.2973862880160947,0.5693350073532097,240
FAST,Industrials,45.750004,657049984.0,0.7418611321463966,657049984.0,20.303270654224608,45.750004,0.3701095535864357,0.0891977371773545,0.9108022628226454,0.4931974701604191,0.5692437413294936,241
ULTA,Consumer Discretionary,20.002684,845920768.0,0.3826138142656249,845920768.0,20.55593625952041,20.002684,0.4021156470472236,0.0325071726973496,0.9674928273026504,0.3912972538788072,0.5684832831733267,242
J,Industrials,38.347042,1106516736.0,0.3598740005978759,1106516736.0,20.824482843414184,38.347042,0.4361334432273431,0.0728978622931326,0.9271021377068672,0.3848471237995725,0.5680381557428692,243
AMD,Information Technology,94.245514,2332999936.0,0.3488797238802503,2332999936.0,21.570420802981847,94.245514,0.5306241833576469,0.1959753682723858,0.8040246317276141,0.381728605943977,0.5679756446445361,244
ADSK,Information Technology,67.08316,2376999936.0,0.1176418753000151,2376999936.0,21.58910499882047,67.08316,0.5329909800474874,0.1361691755942462,0.8638308244057538,0.3161381739212088,0.5671870915170837,245
HII,Industrials,20.578161,750875008.0,0.4234783547399474,750875008.0,20.436749763120616,20.578161,0.3870178495509249,0.0337742605331034,0.9662257394668964,0.4028884483159613,0.5655413961552272,246
CSX,Industrials,20.23313,1478000000.0,0.0005627784613882,1478000000.0,21.11395566014901,20.23313,0.472802043276509,0.033014569732154,0.966985430267846,0.282928781126601,0.5640950807289377,247
PNR,Industrials,30.136612,741350016.0,0.4779827949351478,741350016.0,20.42398342935945,30.136612,0.3854006904958444,0.0548201007504335,0.9451798992495664,0.4183485894715381,0.5632188228146691,248
LII,Industrials,23.091143,485300000.0,0.6710188621218731,485300000.0,20.000277816436025,23.091143,0.331728322105177,0.0393073555545694,0.9606926444454306,0.4731031165547643,0.5628300571421292,249
LVS,Consumer Discretionary,27.20707,832249984.0,0.3760084385298361,832249984.0,20.53964341639598,27.20707,0.4000517719140326,0.0483698220554904,0.9516301779445095,0.3894236442995658,0.5623368554388356,250
PKG,Materials,21.106892,521162496.0,0.6032420770885115,521162496.0,20.071572445522463,21.106892,0.3407594783605813,0.034938422816715,0.965061577183285,0.4538782853312114,0.5619857500985814,251
PTC,Information Technology,48.573116,863937728.0,0.5106357988647856,863937728.0,20.577011251254287,48.573116,0.4047852947593843,0.0954136778216731,0.9045863221783268,0.4276105880921617,0.5615731909849003,252
HSY,Consumer Staples,25.256306,1026448384.0,0.2237533592100333,1026448384.0,20.749370510645655,25.256306,0.4266186842246972,0.0440746211442005,0.9559253788557994,0.3462366120227904,0.5612960709534558,253
RMD,Health Care,28.726603,1207525632.0,0.1520851278665649,1207525632.0,20.91183917142304,28.726603,0.4471991947188025,0.0517155366198021,0.9482844633801978,0.3259079751452737,0.5611374094451624,254
STX,Information Technology,32.67799,430375008.0,0.7906028227516009,430375008.0,19.88016750053496,32.67799,0.3165135009512105,0.060415718211865,0.9395842817881348,0.507023011973511,0.5605875885089779,255
TSCO,Consumer Discretionary,29.389162,731744896.0,0.4486888342555873,731744896.0,20.410942509818756,29.389162,0.3837487486371752,0.0531743619931345,0.9468256380068656,0.410039380799915,0.5605590050969043,256
K,Consumer Staples,20.256544,605750016.0,0.4857843313714817,605750016.0,20.221977945725293,20.256544,0.3598119033666381,0.0330661227822087,0.9669338772177912,0.4205614890830952,0.5601733712369211,257
IR,Industrials,63.26357,1128787456.0,0.4449620520671495,1128787456.0,20.844409846641,63.26357,0.4386576709587915,0.1277591852270087,0.8722408147729913,0.4089822819932308,0.5598299974133834,258
NKE,Consumer Discretionary,32.819443,3720124928.0,-0.504951244811762,3720124928.0,22.037023087732084,32.819443,0.5897304329686662,0.0607271700607328,0.9392728299392672,0.1395401300747432,0.5595360611916695,259
ROK,Industrials,40.823944,1186137472.0,0.2204049863271034,1186137472.0,20.89396804395799,40.823944,0.4449353924287113,0.0783515162090218,0.9216484837909782,0.3452868487149533,0.558054756723264,260
UPS,Industrials,12.508928,4042374912.0,-0.7308815278767498,4042374912.0,22.12009820595596,12.508928,0.6002538676681637,0.0160073871773257,0.9839926128226744,0.0754551847933179,0.5579358863520631,261
BEN,Financials,47.882355,1699887488.0,0.0593795471807372,1699887488.0,21.253827902877216,47.882355,0.4905201813194286,0.0938927571584439,0.906107242841556,0.2996121108417482,0.5579238786327627,262
ZTS,Health Care,25.108435,2286249984.0,-0.306409787919702,2286249984.0,21.550178751108387,25.108435,0.5280600472404988,0.0437490381141911,0.9562509618858088,0.195856256573652,0.5568561844340378,263
SBUX,Consumer Discretionary,36.60606,1653387520.0,-0.026636768956472,1653387520.0,21.226092063276443,36.60606,0.4870067791947648,0.0690645603289076,0.9309354396710924,0.2752136511125704,0.5566474389130047,264
LH,Health Care,30.570011,1032112512.0,0.2037913874532194,1032112512.0,20.75487352228788,30.570011,0.4273157712094119,0.0557743606095206,0.9442256393904794,0.3405744145944944,0.556366324679257,265
MLM,Materials,34.25083,639500032.0,0.5146539010698374,639500032.0,20.276197230585986,34.25083,0.3666800621593505,0.0638788043675011,0.9361211956324988,0.4287503195900939,0.556133479430518,266
CMG,Consumer Discretionary,34.79646,1128346880.0,0.1770146768211118,1128346880.0,20.844019461365143,34.79646,0.4386082194016231,0.0650801749449913,0.9349198250550088,0.3329792218987831,0.5558130018467867,267
TKO,Communication Services,82.761314,441073504.0,1.1081883402614363,441073504.0,19.90472209752642,82.761314,0.3196239232236869,0.1706894052827903,0.8293105947172097,0.5971058916817468,0.5557745152091618,268
KMI,Energy,22.475409,292624992.0,0.8742689942651343,292624992.0,19.494402459853948,22.475409,0.2676472061839193,0.037951629675933,0.9620483703240668,0.5307548550474598,0.5548998500850256,269
IVZ,Financials,24.182795,934812480.0,0.178876622173271,934812480.0,20.65585651205889,24.182795,0.4147729176623824,0.0417109598169053,0.9582890401830948,0.3335073612185386,0.5534480874854429,270
EQIX,Real Estate,77.49755,2248000000.0,0.0610879675727075,2248000000.0,21.53330676942269,77.49755,0.525922810468328,0.1590996261349206,0.8409003738650793,0.3000967029285274,0.5526682472254132,271
MPWR,Information Technology,23.982204,510800512.0,0.5184693720959271,510800512.0,20.051489686429125,23.982204,0.3382155204532937,0.0412692976548003,0.9587307023451996,0.4298325749151115,0.5518551913594109,272
CBRE,Real Estate,46.106743,725875008.0,0.4542874316265546,725875008.0,20.40288839405532,46.106743,0.382728503789972,0.0899832067051358,0.9100167932948642,0.4116274184958974,0.5495846650532173,273
TAP,Consumer Staples,9.185404,661387520.0,0.2225583290279262,661387520.0,20.3098504907803,9.185404,0.370943045994362,0.0086896371504163,0.9913103628495836,0.3458976426611314,0.5495396200509592,274
CHRW,Industrials,30.925001,576097024.0,0.46645013926136,576097024.0,20.171786650655257,30.925001,0.3534539850459041,0.0565559791812693,0.9434440208187308,0.4150773608527893,0.5489380085198177,275
INCY,Health Care,20.456264,648872128.0,0.3022645363084515,648872128.0,20.290746227520877,20.456264,0.36852303779948,0.0335058671726131,0.9664941328273868,0.3685062450267253,0.5479093284760257,276
CPRT,Industrials,28.836477,833861248.0,0.2168937658579792,833861248.0,20.5415775783768,28.836477,0.4002967794173445,0.0519574576850499,0.94804254231495,0.3442908938186806,0.547818742607027,277
ALLE,Industrials,24.941586,548974976.0,0.4262260302502587,548974976.0,20.123563419200067,24.941586,0.347345368674756,0.0433816692387926,0.9566183307612074,0.4036678242913314,0.547023993985664,278
BIIB,Health Care,13.636364,2272062464.0,-0.5076906177009424,2272062464.0,21.543953830825263,13.636364,0.5272715133989644,0.0184897808111128,0.9815102191888871,0.1387631091312602,0.5469906038556299,279
AVB,Real Estate,23.70516,1311696000.0,-0.1061732132025141,1311696000.0,20.99458679406532,23.70516,0.4576811443329825,0.0406593009349165,0.9593406990650836,0.2526532018968245,0.5466706280217655,280
FTV,Industrials,21.905405,1288925056.0,-0.1137722778263854,1288925056.0,20.977074418794317,21.905405,0.4554627865197453,0.036696592316089,0.963303407683911,0.2504977332540011,0.5463254568892718,281
VRSN,Information Technology,33.684963,753862528.0,0.2947640822568085,753862528.0,20.44072058706833,33.684963,0.3875208486126223,0.0626328758727837,0.9373671241272162,0.3663787471943647,0.5461321008415232,282
IT,Information Technology,15.79729,1142550784.0,-0.1015290660095546,1142550784.0,20.85652913051059,15.79729,0.4401928657936952,0.0232477173551693,0.9767522826448306,0.2539705105581609,0.5452939842783755,283
MAS,Industrials,19.161802,689750016.0,0.2244888791237359,689750016.0,20.35183979570828,19.161802,0.3762619876694867,0.0306557149440349,0.969344285055965,0.3464452416619144,0.5452416530831585,284
XYL,Industrials,37.208336,929124992.0,0.1857334595149173,929124992.0,20.64975383347576,37.208336,0.4139998686323646,0.0703906543228751,0.9296093456771248,0.3354522976824859,0.545118440460829,285
CNC,Health Care,7.7111654,1612125056.0,-0.3731248320484531,1612125056.0,21.200819056805887,7.7111654,0.4838053533173301,0.0054436519988661,0.994556348001134,0.1769325873140995,0.5449688219215021,286
ON,Information Technology,48.638096,1002724992.0,0.2265277380866553,1002724992.0,20.72598712388412,48.638096,0.4236566235150754,0.0955567510766724,0.9044432489233276,0.3470235623867977,0.5449026927990677,287
TGT,Consumer Staples,10.271562,2594874880.0,-0.6388368864284922,2594874880.0,21.67680413698761,10.271562,0.5441001565787438,0.0110811446989485,0.9889188553010516,0.1015635742072473,0.5447847914839872,288
ROL,Industrials,54.960396,585044864.0,0.5934264974176147,585044864.0,20.18719909456312,54.960396,0.3554063367306405,0.1094772195297749,0.890522780470225,0.4510941039564023,0.5446476000202445,289
KIM,Real Estate,26.756098,794424640.0,0.1912373321455531,794424640.0,20.493128688592822,26.756098,0.3941595780650603,0.0473768698863063,0.9526231301136936,0.3370134667811356,0.5445548102944728,290
KVUE,Consumer Staples,24.453333,1916499968.0,-0.3544524188972568,1916499968.0,21.373766426609563,24.453333,0.5057132409194175,0.0423066315968533,0.9576933684031468,0.1822290024685141,0.5442620076292654,291
VRSK,Industrials,37.747288,846062528.0,0.2167247166197535,846062528.0,20.556103826186707,37.747288,0.4021368733410674,0.0715773212500593,0.9284226787499408,0.3442429431365738,0.5426544359023813,292
EQR,Real Estate,24.54717,1405341184.0,-0.2004448165848223,1405341184.0,21.06354594655109,24.54717,0.4664164570671884,0.0425132423236828,0.9574867576763172,0.2259131364997053,0.5415865510796821,293
TSN,Consumer Staples,24.35909,1496125056.0,-0.2406549520521602,1496125056.0,21.12614430725623,24.35909,0.4743460246111172,0.0420991269374057,0.9579008730625944,0.2145075635228334,0.5414609408200752,294
TDY,Information Technology,31.152065,673849984.0,0.2800155112959392,673849984.0,20.32851806991929,31.152065,0.3733077377849595,0.057055929713328,0.942944070286672,0.3621953267595988,0.540864914227865,295
DOV,Industrials,22.136951,800307520.0,0.1019965604100012,800307520.0,20.50050661301897,22.136951,0.3950941672365993,0.0372064113358195,0.9627935886641804,0.3117003927834371,0.5403858613289251,296
STE,Health Care,38.039757,910075776.0,0.1424249403386476,910075776.0,20.629038425436867,38.039757,0.4113757707263796,0.0722212808040207,0.9277787191959792,0.3231678706283559,0.5398342852378524,297
CLX,Consumer Staples,18.65951,1084625024.0,-0.1148529545814671,1084625024.0,20.80450016512737,18.65951,0.4336021629286419,0.0295497661690249,0.9704502338309752,0.2501912001510598,0.5396332953660673,298
CDW,Information Technology,20.052238,967875008.0,-0.0410853735538391,967875008.0,20.690613513969883,20.052238,0.4191757165723395,0.0326162809164669,0.967383719083533,0.2711153158984775,0.539219997123539,299
APTV,Consumer Discretionary,19.294117,1559000064.0,-0.3365354071724279,1559000064.0,21.16731046871544,19.294117,0.4795606956366527,0.03094704670358,0.96905295329642,0.187311148608534,0.5387335088261472,300
BBY,Consumer Discretionary,19.898071,1149250048.0,-0.1636446174511557,1149250048.0,20.862375435287117,19.898071,0.4409334389985783,0.0322768353254621,0.9677231646745378,0.2363514837448517,0.5375957701252482,301
ERIE,Financials,26.61004,400566016.0,0.4960015841730146,400566016.0,19.808389147343085,26.61004,0.3074210695613866,0.047055278727816,0.952944721272184,0.4234596047222651,0.5358897256228894,302
WYNN,Consumer Discretionary,38.319527,550405504.0,0.3910602547815007,550405504.0,20.12616584635025,38.319527,0.3476750278165144,0.0728372796429124,0.9271627203570876,0.3936930800201262,0.5353267512397699,303
TXT,Industrials,18.833334,617249984.0,0.1674503282250876,617249984.0,20.240784661888227,18.833334,0.3621942201623757,0.0299324926306594,0.9700675073693406,0.3302663020187492,0.5349778308813772,304
EXR,Real Estate,30.286959,1078488576.0,-0.0808345699121414,1078488576.0,20.79882643217504,30.286959,0.4328834500395997,0.0551511354483312,0.9448488645516688,0.2598404879336504,0.5345601857614356,305
MSCI,Financials,37.045006,1117176576.0,-0.0562370879904742,1117176576.0,20.834070426008136,37.045006,0.4373479380304873,0.0700310335974358,0.9299689664025642,0.266817544137123,0.5339751283741011,306
TPR,Consumer Discretionary,139.2561,852025024.0,0.8938268585907473,852025024.0,20.56312645642797,139.2561,0.4030264560746538,0.2950798780977115,0.7049201219022885,0.536302427723974,0.5335773473177403,307
KDP,Consumer Staples,23.991152,1366499968.0,-0.2845497027472465,1366499968.0,21.035518540646702,23.991152,0.4628661211526934,0.0412889994012721,0.958711000598728,0.2020568523641735,0.5333768043499478,308
MGM,Consumer Discretionary,19.562841,891623488.0,-0.0705995155555648,891623488.0,20.60855450390241,19.562841,0.4087809960782525,0.0315387244102045,0.9684612755897954,0.2627436529697644,0.5328738769991689,309
ZBH,Health Care,24.412195,1293074944.0,-0.2594992337806731,1293074944.0,20.98028889716003,24.412195,0.4558699764690079,0.0422160537642254,0.9577839462357746,0.2091623979830188,0.5324318938532412,310
ESS,Real Estate,21.507235,928902016.0,-0.0928300800157977,928902016.0,20.6495138197409,21.507235,0.413969465198463,0.0358198998269676,0.9641801001730324,0.2564379710236243,0.5317732074383822,311
DG,Consumer Staples,18.90926,1500179584.0,-0.4075833118919127,1500179584.0,21.12885066122164,18.90926,0.474688848549712,0.0300996668374782,0.9699003331625218,0.1671584668850378,0.5309931794341527,312
REG,Real Estate,32.836445,644622528.0,0.201508552218125,644622528.0,20.284175477091672,32.836445,0.3676906963650441,0.0607646051404727,0.9392353948595272,0.3399268901938567,0.5308249640620328,313
EXPD,Industrials,19.600327,646033728.0,0.0680093557221803,646033728.0,20.286362272458177,19.600327,0.3679677058804391,0.0316212612528777,0.9683787387471222,0.3020599491778267,0.5283186887296604,314
CHD,Consumer Staples,42.617928,823237504.0,0.0978257859446412,823237504.0,20.528755301456005,42.617928,0.3986725338338333,0.0823015182142051,0.9176984817857948,0.3105173559201721,0.5279337648453234,315
IPG,Communication Services,21.73729,934275008.0,-0.1490320220798536,934275008.0,20.65528139503768,21.73729,0.4147000654468615,0.036326435956221,0.963673564043779,0.2404963348116746,0.5271309958353807,316
EW,Health Care,31.133892,1261549952.0,-0.2733686562929152,1261549952.0,20.955606923358907,31.133892,0.452743418901544,0.0570159163205441,0.942984083679456,0.20522834730719,0.5255610968566113,317
PCAR,Industrials,17.060034,204050000.0,0.6983197015429182,204050000.0,19.133875624716847,17.060034,0.2219779289310426,0.0260280327493051,0.9739719672506948,0.4808469779650179,0.5252368551371309,318
WDAY,Information Technology,108.66046,2457999872.0,-0.0806722266087871,2457999872.0,21.62261379642223,108.66046,0.5372356642677433,0.2277142609295163,0.7722857390704836,0.2598865364826591,0.5245459483730401,319
A,Health Care,29.514017,902875008.0,-0.0994255652713883,902875008.0,20.621094684303444,29.514017,0.4103695074447311,0.0534492682912716,0.9465507317087284,0.2545671668712327,0.5244831725518808,320
COIN,Financials,32.99229,388593504.0,0.4281174036341721,388593504.0,19.778044380923365,32.99229,0.3035771849577094,0.0611077453593921,0.938892254640608,0.4042043108489124,0.5243598436299399,321
NWS,Communication Services,40.38095,370500000.0,0.5028826408090263,370500000.0,19.730364005399476,40.38095,0.297537334169643,0.0773761300359655,0.9226238699640344,0.4254114109698161,0.5234255179480123,322
CPB,Consumer Staples,16.631842,722000000.0,-0.0787590856738522,722000000.0,20.39753569824214,16.631842,0.3820504578712838,0.0250852376861365,0.9749147623138634,0.2604291973887921,0.5234233710593101,323
EFX,Industrials,50.21052,864124992.0,0.0735775609199634,864124992.0,20.577227984129024,50.21052,0.4048127491200074,0.0990189212816455,0.9009810787183544,0.3036393661580331,0.5233112331109192,324
NWSA,Communication Services,36.452385,370500000.0,0.3811174876626158,370500000.0,19.730364005399476,36.452385,0.297537334169643,0.0687261980257062,0.9312738019742938,0.3908728220267504,0.5156589208681704,325
MAA,Real Estate,28.983538,976103744.0,-0.2595057999930655,976103744.0,20.699079434834893,28.983538,0.4202481263058287,0.052281257253432,0.947718742746568,0.2091605354820908,0.5151630339909291,326
TTD,Communication Services,53.578316,792580608.0,0.0540544938965063,792580608.0,20.490804773369607,53.578316,0.3938651990666121,0.1064341495964178,0.8935658504035822,0.2981016637086277,0.5150463338603077,327
ZBRA,Information Technology,30.050943,885374976.0,-0.2038320859451379,885374976.0,20.60152181606037,30.050943,0.4078901393109077,0.0546314743625827,0.9453685256374172,0.2249523402369624,0.5142523154866769,328
CAG,Consumer Staples,7.725,1085662464.0,-0.5059321664426518,1085662464.0,20.805456204439025,7.725,0.4337232679897176,0.0054741130831015,0.9945258869168984,0.1392618924335198,0.5136256410010125,329
HOLX,Health Care,27.522821,760112512.0,-0.1448908235087701,760112512.0,20.44897702370836,27.522821,0.3885667221989552,0.0490650440213154,0.9509349559786844,0.2416709824960271,0.5132084704219956,330
INVH,Real Estate,33.30337,984692096.0,-0.2569643986582229,984692096.0,20.707839558391164,33.30337,0.4213578037901931,0.061792682696499,0.9382073173035008,0.2098814019514817,0.512969737292572,331
MTD,Health Care,32.048363,689753600.0,-0.0576370272861311,689753600.0,20.35184499178019,32.048363,0.3762626458752722,0.0590294026636118,0.9409705973363882,0.2664204524682134,0.5127223732914894,332
LULU,Consumer Discretionary,11.570259,1018826496.0,-0.456202975777864,1018826496.0,20.741917308780057,11.570259,0.4256745593794763,0.0139406215694922,0.9860593784305076,0.1533675378539072,0.512097898637115,333
MHK,Consumer Discretionary,17.351925,557837504.0,-0.0530832124346545,557837504.0,20.139578268258397,17.351925,0.3493740292640005,0.0266707196602781,0.973329280339722,0.2677121384326605,0.5120620373373149,334
AOS,Industrials,20.359331,412337504.0,0.1323295916677085,412337504.0,19.837352758856557,20.359331,0.3110899981279666,0.0332924396591189,0.9667075603408812,0.3203043329989716,0.5105395672531424,335
SWKS,Information Technology,31.454182,1123837440.0,-0.3788157917567616,1123837440.0,20.8400149525138,31.454182,0.4381009533476996,0.057721132276896,0.942278867723104,0.1753183511145156,0.5105195469903656,336
DPZ,Consumer Discretionary,24.881601,477328864.0,0.0503721108785734,477328864.0,19.98371625573942,24.881601,0.3296304075160841,0.0432495939971623,0.9567504060028376,0.2970571586913804,0.507994432414699,337
IDXX,Health Care,54.634468,625739008.0,0.1200700742046883,625739008.0,20.254443923599325,54.634468,0.3639244897272376,0.1087595897997743,0.8912404102002256,0.3168269306112255,0.5079899981343304,338
TROW,Financials,11.86898,811137472.0,-0.3823982841446277,811137472.0,20.513948108195297,11.86898,0.396796851503271,0.014598346805052,0.985401653194948,0.17430217999512,0.5066298905583289,339
ODFL,Industrials,27.45419,555056896.0,-0.0402389195120029,555056896.0,20.134581183573307,27.45419,0.3487410299316414,0.0489139319781658,0.9510860680218342,0.2713554119149053,0.5062288559536784,340
SOLV,Health Care,33.816513,288375008.0,0.3764354557238789,288375008.0,19.47977230566756,33.816513,0.2657939500524122,0.0629225232519029,0.937077476748097,0.3895447673873751,0.5043042532616064,341
MOS,Materials,11.518643,340312512.0,0.088523695590714,340312512.0,19.645374909291736,11.518643,0.2867714487615856,0.0138269732295408,0.9861730267704591,0.3078788253821352,0.5029241351504126,342
SWK,Industrials,24.262657,833287488.0,-0.3575931899364946,833287488.0,20.540889265439176,24.262657,0.400209588253411,0.0418868003261506,0.9581131996738492,0.181338125258693,0.5019192327811272,343
XYZ,Financials,16.459402,583103104.0,-0.2204447872511455,583103104.0,20.183874581165345,16.459402,0.354985208233961,0.0247055585218999,0.9752944414781,0.2202401607109184,0.50065446395029,344
MOH,Health Care,8.636094,512375008.0,-0.2164310668193105,512375008.0,20.054567354354035,8.636094,0.3386053801143687,0.007480163932446,0.992519836067554,0.2213786493223592,0.4996116976627214,345
AVY,Materials,18.407614,590249984.0,-0.2353483850843368,590249984.0,20.19605670851693,18.407614,0.3565283636868361,0.0289951404281612,0.9710048595718388,0.2160127670269929,0.498716633454384,346
PPG,Materials,19.786617,621875008.0,-0.2809818766692708,621875008.0,20.24824968034949,19.786617,0.3631398418597887,0.0320314354091386,0.9679685645908612,0.2030688633964217,0.4965671651401004,347
PYPL,Financials,14.608137,1010249984.0,-0.6104462642932305,1010249984.0,20.733463647075048,14.608137,0.4246037025594528,0.0206294349543955,0.9793705650456044,0.1096165516185159,0.4965376160230171,348
WAT,Health Care,27.105404,465317376.0,-0.0543323484675707,465317376.0,19.95823026191595,27.105404,0.3264020017372285,0.0481459734014004,0.9518540265985996,0.2673578219894086,0.4963243552712939,349
TER,Information Technology,41.614582,428476384.0,0.0943582805419431,428476384.0,19.87574618363164,41.614582,0.315953436268637,0.0800923464981292,0.9199076535018708,0.309533800767758,0.4952138107883434,350
VTR,Real Estate,156.11627,1139893376.0,0.3898478969794366,1139893376.0,20.85420056603134,156.11627,0.4398978978566661,0.3322026759084678,0.6677973240915321,0.3933491956928338,0.4943031150779762,351
FRT,Real Estate,25.220253,390068128.0,0.0012454992745259,390068128.0,19.78183197157508,25.220253,0.3040569731752156,0.0439952394873447,0.9560047605126551,0.2831224343428006,0.4933609477267229,352
MKC,Consumer Staples,22.815332,428837504.0,-0.1019434226601473,428837504.0,19.87658862891468,22.815332,0.3160601519509438,0.0387000736596073,0.9612999263403926,0.253852978623442,0.4909699322695279,353
LKQ,Consumer Discretionary,11.197081,526124992.0,-0.3510383534986754,526124992.0,20.081049371750183,11.197081,0.3419599559095947,0.0131189565778924,0.9868810434221076,0.1831973994062206,0.4878075152123364,354
JKHY,Financials,24.3152,356150112.0,-0.0407460351668719,356150112.0,19.69086286567063,24.3152,0.2925335776492856,0.0420024897388535,0.9579975102611464,0.2712115689623239,0.4857761548267553,355
EMN,Materials,9.157524,381750016.0,-0.2080438241357768,381750016.0,19.760276546594778,9.157524,0.3013264671940043,0.0086282508415615,0.9913717491584384,0.2237576840455693,0.4850694168388041,356
NDSN,Industrials,28.31195,364837504.0,-0.0510837958382845,364837504.0,19.714962620638666,28.31195,0.2955863833882616,0.0508025517874651,0.9491974482125348,0.2682792713616105,0.4834775692275482,357
HSIC,Health Care,21.819937,333249984.0,-0.0553189209068904,333249984.0,19.62440347201184,21.819937,0.2841149186778743,0.0365084084909383,0.9634915915090616,0.2670779815008638,0.4828168393741273,358
AKAM,Information Technology,26.954063,491393984.0,-0.2516369912337991,491393984.0,20.0127567774392,26.954063,0.3333090785824721,0.0478127501098513,0.9521872498901488,0.2113925168345974,0.4823975614504127,359
EPAM,Information Technology,22.282452,540610112.0,-0.3475130820504397,540610112.0,20.10820889862388,22.282452,0.3454003543542207,0.0375267760892153,0.9624732239107846,0.1841973398515543,0.4821613108703899,360
KEYS,Information Technology,56.555553,421624992.0,0.0658822050744804,421624992.0,19.859626834743658,56.555553,0.3139115382966838,0.112989443355953,0.8870105566440469,0.3014565845867065,0.4821047576878995,361
GPC,Consumer Discretionary,23.636833,215529504.0,0.2009954682636123,215529504.0,19.188608372289323,23.636833,0.2289111299582243,0.0405088582403283,0.9594911417596717,0.3397813543378234,0.4813462008125383,362
ALGN,Health Care,22.15683,676427136.0,-0.4949326038763518,676427136.0,20.33233529393555,22.15683,0.3737912797711432,0.0372501810070434,0.9627498189929564,0.1423819096158918,0.4810560304911118,363
IEX,Industrials,26.056635,494824992.0,-0.280730155897891,494824992.0,20.019714708524656,26.056635,0.334190465632974,0.0458367891205071,0.9541632108794929,0.2031402637932221,0.4808672286550041,364
MTCH,Communication Services,19.064356,823294272.0,-0.6390634707888443,823294272.0,20.52882425609239,19.064356,0.3986812685744959,0.0304411579048433,0.9695588420951566,0.1014993037334631,0.4807899511783842,365
FDS,Financials,18.582905,519302880.0,-0.4045902112984503,519302880.0,20.06799785665204,18.582905,0.3403066718721921,0.0293810969369654,0.9706189030630346,0.1680074574902444,0.4777105769148606,366
TYL,Information Technology,76.33143,519320000.0,0.0087353276472807,519320000.0,20.06803082338192,76.33143,0.3403108478906751,0.1565320578966953,0.8434679421033047,0.2852469182097871,0.4747387972501976,367
GNRC,Industrials,30.27907,379191872.0,-0.196242032586221,379191872.0,19.753552896153447,30.27907,0.3004747573454441,0.0551337654128019,0.944866234587198,0.2271052528416413,0.4717813491668294,368
WY,Real Estate,63.421055,480500000.0,-0.1277653183447753,480500000.0,19.990337788455783,63.421055,0.330469181732011,0.1281059364052724,0.8718940635947275,0.2465286184289476,0.4677144772999069,369
BALL,Materials,24.113861,476750016.0,-0.4292438348050302,476750016.0,19.982502838102903,24.113861,0.3294766993838044,0.0415591806269987,0.9584408193730012,0.1610144767708178,0.4676272685966675,370
DXCM,Health Care,47.5,425124992.0,-0.2013047313220752,425124992.0,19.86789378482589,47.5,0.3149587436599059,0.0930508862071468,0.9069491137928531,0.2256692223677175,0.4657689983121336,371
TRGP,Energy,23.591105,-582612480.0,1.0828527325078003,,,23.591105,0.0,0.040408174125145,0.959591825874855,0.5899194666725045,0.4648533877642078,372
TRMB,Information Technology,70.75214,358912512.0,0.0586029376865307,358912512.0,19.69858922037493,70.75214,0.2935123037821425,0.1442475521890082,0.8557524478109917,0.2993918261757614,0.4639482037088829,373
WTW,Financials,227.50674,1335624960.0,0.4903122016932132,1335624960.0,21.012665154837872,227.50674,0.4599711976381276,0.4893905324618045,0.5106094675381955,0.4218458159022941,0.463725064087398,374
UDR,Real Estate,96.3077,851218112.0,-0.2641399687748342,851218112.0,20.56217895569555,96.3077,0.4029064326272188,0.2005158986422559,0.7994841013577441,0.2078460571891605,0.4633616206149589,375
CPT,Real Estate,76.021126,701680384.0,-0.3126458452662176,701680384.0,20.36898856629041,76.021126,0.3784342863222723,0.1558488291598636,0.8441511708401364,0.1940874038620908,0.462845286939577,376
RVTY,Health Care,37.70435,528368992.0,-0.4728209848154786,528368992.0,20.08530544796711,37.70435,0.342499088938863,0.0714827801693704,0.9285172198306296,0.1486538527940101,0.4601509573629371,377
POOL,Consumer Discretionary,29.328415,333340256.0,-0.2639882183980913,333340256.0,19.62467431906259,29.328415,0.2841492278827608,0.0530406089764917,0.9469593910235082,0.2078891010629523,0.4601142387790425,378
PAYC,Industrials,29.23077,430132000.0,-0.4362427286905646,430132000.0,19.879602698613212,29.23077,0.3164419553877656,0.0528256137782089,0.9471743862217912,0.1590292460810659,0.4584378718459633,379
MKTX,Unknown,30.020203,359472128.0,-0.3309230886968649,359472128.0,19.70014720499899,30.020203,0.2937096594983258,0.05456379089292,0.94543620910708,0.188903078284933,0.4577856500169342,380
DOC,Real Estate,76.958336,651284864.0,-0.325200665241169,651284864.0,20.294457685107517,76.958336,0.3689931819580198,0.1579123823349631,0.8420876176650368,0.1905262391514643,0.4573814298281582,381
JBHT,Industrials,24.094545,309156736.0,-0.3081285660926253,309156736.0,19.54935894574176,24.094545,0.274608748976982,0.0415166505716961,0.958483349428304,0.1953687265105351,0.4559991223724445,382
HRL,Consumer Staples,18.116789,358622496.0,-0.4617521016735271,358622496.0,19.697780852806105,18.116789,0.2934099048508423,0.028354800640762,0.971645199359238,0.151793532702588,0.4543955815588847,383
ATO,Utilities,22.535269,-1664760448.0,0.8909116828417474,,,22.535269,0.0,0.0380834296920036,0.9619165703079964,0.535475540438985,0.4492176332240943,384
ETR,Utilities,22.00248,-2688983296.0,0.8708968657205922,,,22.00248,0.0,0.0369103324858191,0.9630896675141808,0.5297983534650812,0.4478664062937786,385
NI,Utilities,21.446808,-463437504.0,0.8469391915863256,,,21.446808,0.0,0.0356868513877579,0.964313148612242,0.5230027782321539,0.4461947780533187,386
AXON,Industrials,192.19107,262484368.0,0.9682118801413556,262484368.0,19.38570209155631,192.19107,0.2538777255975802,0.4116323321019389,0.588367667898061,0.5574016799851558,0.4452818946039971,387
BF-B,Unknown,15.351955,553875008.0,-0.8593681524513056,553875008.0,20.13244960373308,15.351955,0.348471014772651,0.0222671767578294,0.9777328232421706,0.0390100558201162,0.4444112696277464,388
BK,Financials,16.622324,,0.7869383606122309,,,16.622324,0.0,0.0250642809111121,0.974935719088888,0.5059835901992292,0.4442757927864351,389
JPM,Financials,16.159138,,0.7681816698367632,,,16.159138,0.0,0.0240444359020302,0.9759555640979698,0.5006632697636517,0.4429856501584864,390
LLY,Health Care,49.24623,-2265437440.0,1.024623996316874,,,49.24623,0.0,0.0968957432412738,0.9031042567587262,0.5734029319168307,0.442952156602667,391
COO,Health Care,33.416668,276212512.0,-0.3223615568195942,276212512.0,19.43668110204071,33.416668,0.2603354267642739,0.0620421427402805,0.9379578572597196,0.1913315499994674,0.4429209928834656,392
GS,Financials,17.731277,,0.7557057242529369,,,17.731277,0.0,0.0275059785927269,0.972494021407273,0.4971244777113993,0.4408855497356017,393
ENPH,Unknown,29.782946,307361248.0,-0.4873969344919747,307361248.0,19.543534320614995,29.782946,0.2738709220140952,0.054041397367814,0.945958602632186,0.1445193962494026,0.4366917684701147,394
AXP,Financials,23.988747,,0.7301113084751892,,,23.988747,0.0,0.0412837040615018,0.9587162959384982,0.4898646420117502,0.4345742813850745,395
SO,Utilities,23.720932,-1096749952.0,0.711372750189847,,,23.720932,0.0,0.0406940277951481,0.9593059722048518,0.4845494648425898,0.4331566311142324,396
TSLA,Consumer Discretionary,256.66867,1398375040.0,0.3229564267928055,1398375040.0,21.058576714451117,256.66867,0.4657869859255424,0.5535994005314284,0.4464005994685716,0.3743754833221408,0.4325476192074307,397
RJF,Financials,17.064707,,0.6448105889270602,,,17.064707,0.0,0.0260383217816321,0.9739616782183678,0.4656691606864971,0.4318892516714595,398
LYB,Materials,110.65957,545374976.0,-0.2591986180534569,545374976.0,20.11698414723523,110.65957,0.3465119477856563,0.2321159102801137,0.7678840897198863,0.2092476673951934,0.4317443062487864,399
WST,Health Care,38.1512,207850000.0,-0.2479810982733104,207850000.0,19.15232722847408,38.1512,0.2243152623154741,0.072466656500495,0.927533343499505,0.212429507968098,0.4317149603664705,400
STLD,Materials,20.213354,-542465984.0,0.6572899751974177,,,20.213354,0.0,0.0329710268467913,0.9670289731532088,0.4692089286867505,0.4308713705519877,401
WFC,Financials,14.542954,,0.6075493281638095,,,14.542954,0.0,0.0204859147330871,0.9795140852669127,0.4551000336764496,0.4303842356830087,402
SYF,Financials,9.306197,,0.5373826511925602,,,9.306197,0.0,0.0089555997187626,0.9910444002812374,0.4351973115035724,0.427872513535443,403
LW,Consumer Staples,22.264,79050000.0,0.1481864859892963,79050000.0,18.185591134269977,22.264,0.1018551999465218,0.0374861483929819,0.962513851607018,0.3248021284744015,0.4269368740030346,404
PNW,Utilities,17.802467,-492301760.0,0.589099561909095,,,17.802467,0.0,0.0276627250535365,0.9723372749464636,0.4498667721373208,0.4266612141251353,405
MS,Financials,18.109854,,0.5860264425283025,,,18.109854,0.0,0.0283395311267051,0.9716604688732948,0.4489950842666659,0.4261966659419882,406
CNP,Utilities,26.587414,-2014749952.0,0.6482888240665233,,,26.587414,0.0,0.0470054606996902,0.9529945393003098,0.4666557593202195,0.4258950895861587,407
C,Financials,15.166913,,0.5439714900066497,,,15.166913,0.0,0.0218597504535574,0.9781402495464426,0.437066230398113,0.4245619439833666,408
PSX,Energy,30.739338,-119125000.0,0.655124479975892,,,30.739338,0.0,0.0561471855564162,0.9438528144435836,0.4685946876877307,0.4237342506393943,409
APO,Financials,27.005596,,0.6202433275721259,,,27.005596,0.0,0.0479262157000311,0.9520737842999688,0.4587006765227669,0.4232323382468207,410
HPE,Information Technology,29.4,-223124992.0,0.6145162485584074,,,29.4,0.0,0.0531982251500702,0.9468017748499298,0.4570761951109016,0.4211633909882494,411
AEP,Utilities,15.697947,-4043899904.0,0.5037758386114916,,,15.697947,0.0,0.0230289834928824,0.9769710165071176,0.4256647658168067,0.4207907346971772,412
FANG,Energy,10.121015,-419624992.0,0.4556361867061453,,,10.121015,0.0,0.0107496696401551,0.9892503303598448,0.4120099918025875,0.4203780966487296,413
MTB,Financials,13.092676,,0.4763224554594342,,,13.092676,0.0,0.0172926861379194,0.9827073138620804,0.4178776354984531,0.42017548480816,414
ED,Utilities,17.514545,-612000000.0,0.5028263897793054,,,17.514545,0.0,0.0270287771045378,0.972971222895462,0.4253954554099293,0.4195100034916174,415
ORCL,Information Technology,71.44907,-2832250112.0,0.9032470209844298,,,71.44907,0.0,0.1457820557840639,0.854217944215936,0.5389744493022749,0.4179577180554632,416
PEG,Utilities,20.60606,-965750016.0,0.5039801402616294,,,20.60606,0.0,0.0338356886762433,0.9661643113237568,0.4257227158175431,0.4175661081423899,417
FSLR,Information Technology,18.146029,-1397291648.0,0.476205856771711,,,18.146029,0.0,0.0284191814037073,0.9715808185962926,0.4178445623733223,0.4168276142908845,418
SRE,Utilities,20.145277,-5927000064.0,0.472989083749287,,,20.145277,0.0,0.0328211346033227,0.9671788653966772,0.4169321272613567,0.4152332977974102,419
DUK,Utilities,19.816694,-1614125056.0,0.4608018964880345,,,19.816694,0.0,0.0320976590824322,0.9679023409175678,0.4134752412778731,0.4144132746586322,420
DTE,Utilities,19.520864,-1478000000.0,0.4385718761803638,,,19.520864,0.0,0.0314462992636192,0.9685537007363808,0.4071697136801749,0.4127170243249667,421
WEC,Utilities,21.136276,-1004475008.0,0.4503317432170112,,,21.136276,0.0,0.0350031206395051,0.9649968793604948,0.410505390621471,0.4126506809945897,422
TPL,Energy,43.66766,-19359750.0,0.5988148939781867,,,43.66766,0.0,0.084612822832811,0.9153871771671888,0.4526225183595284,0.4104029086580151,423
LEN,Consumer Discretionary,12.5934725,,0.3574873968030509,,,12.5934725,0.0,0.0161935376360406,0.9838064623639594,0.3841701655294152,0.4103929883680124,424
EVRG,Utilities,19.85989,-275600000.0,0.3958372043193965,,,19.85989,0.0,0.0321927682286765,0.9678072317713234,0.3950480579610875,0.4088565869197232,425
RF,Financials,12.691588,,0.3395706250188903,,,12.691588,0.0,0.0164095687833304,0.9835904312166696,0.3790880874483753,0.4088035555995134,426
HBAN,Financials,13.22388,,0.3406109961160493,,,13.22388,0.0,0.0175815716926892,0.9824184283073109,0.3793831878834712,0.4085404848572346,427
PPL,Utilities,26.834585,-904000000.0,0.4447847386571665,,,26.834585,0.0,0.047549682914394,0.952450317085606,0.4089319871853712,0.4084146912812931,428
EXC,Utilities,16.505703,-1859124992.0,0.3636373261988111,,,16.505703,0.0,0.0248075042710493,0.9751924957289508,0.3859145881161764,0.4083321251535382,429
FE,Utilities,19.035242,-1210437504.0,0.380173930687216,,,19.035242,0.0,0.0303770545692623,0.9696229454307376,0.3906051828403691,0.408068438481332,430
CMS,Utilities,20.684366,-1308249984.0,0.3718717350769403,,,20.684366,0.0,0.0340081031777204,0.9659918968222796,0.3882502716519156,0.4062726505422586,431
STT,Financials,12.75281,,0.3085587614840612,,,12.75281,0.0,0.0165443676571004,0.9834556323428996,0.3702915969967926,0.4061241688019076,432
CFG,Financials,16.32622,,0.3354640497507052,,,16.32622,0.0,0.0244123177978721,0.975587682202128,0.3779232606363804,0.4060532828515525,433
AEE,Utilities,21.786812,-2363624960.0,0.3739466735015704,,,21.786812,0.0,0.0364354737175949,0.963564526282405,0.3888388262874467,0.4057210057709555,434
PCG,Utilities,13.805554,-4533499904.0,0.3096633924154724,,,13.805554,0.0,0.0188623041107949,0.9811376958892052,0.3706049246828173,0.4055227861716067,435
LNT,Utilities,19.805555,-1308000000.0,0.3388461631323514,,,19.805555,0.0,0.0320731331823485,0.9679268668176516,0.3788825944098702,0.4040428383682565,436
XEL,Utilities,19.97507,-4188499968.0,0.3156671223125801,,,19.97507,0.0,0.0324463720684861,0.967553627931514,0.3723078778979465,0.4019584517488381,437
FITB,Financials,14.355141,,0.2603576861887022,,,14.355141,0.0,0.0200723872286057,0.9799276127713944,0.3566194002867994,0.4009641039174581,438
FIS,Financials,260.44,2025750016.0,-0.2408890581486165,2025750016.0,21.429205847697062,260.44,0.5127359589132698,0.5619031318145435,0.4380968681854564,0.2144411595145794,0.4008557918753188,439
BAC,Financials,15.32258,,0.241659203876789,,,15.32258,0.0,0.0222024987512796,0.9777975012487204,0.3513155906356604,0.3987339275653142,440
NUE,Materials,23.846153,-818833984.0,0.3048772887166572,,,23.846153,0.0,0.0409697399537243,0.9590302600462756,0.3692473501713845,0.398483283065298,441
NTRS,Financials,15.434272,,0.2395267647709931,,,15.434272,0.0,0.0224484226970689,0.9775515773029312,0.350710725977603,0.3984786909841602,442
DVN,Energy,7.6486483,-1337124992.0,0.170465881757584,,,7.6486483,0.0,0.0053060015681163,0.9946939984318836,0.3311216613822731,0.397744697944247,443
NCLH,Consumer Discretionary,17.28082,-705337024.0,0.2426559899429891,,,17.28082,0.0,0.0265141603528492,0.9734858396471509,0.3515983282113547,0.3975252503575516,444
PODD,Health Care,100.86585,112662496.0,0.2013689579399616,112662496.0,18.5399071552186,100.86585,0.1467377302294205,0.2105520537249804,0.7894479462750196,0.3398872943877685,0.3974956642906046,445
MMM,Industrials,21.750002,-3343749888.0,0.2503870465998747,,,21.750002,0.0,0.036354425294749,0.9636455747052508,0.3537912362894701,0.3952310432984163,446
PNC,Financials,14.047847,,0.1810245381429965,,,14.047847,0.0,0.0193957859232536,0.9806042140767464,0.3341166158767527,0.3944162489860496,447
SCHW,Financials,25.357527,,0.2628676210349303,,,25.357527,0.0,0.0442974899952976,0.9557025100047024,0.3573313413116961,0.3939101553949195,448
EIX,Utilities,8.170338,-1203124992.0,0.1273993196540769,,,8.170338,0.0,0.0064546602858549,0.993545339714145,0.3189058652595883,0.39373536149212,449
BX,Financials,50.708107,,0.4283839003004216,,,50.708107,0.0,0.1001145105665852,0.8998854894334148,0.4042799024165526,0.3912496175549902,450
KKR,Financials,70.5782,,0.5664476719817203,,,70.5782,0.0,0.1438645703180542,0.8561354296819458,0.4434415815571846,0.3898731033717391,451
PRU,Financials,22.81718,-10864374784.0,0.1747291244888887,,,22.81718,0.0,0.0387041425942832,0.9612958574057168,0.3323309267957037,0.3880880352604261,452
USB,Financials,12.059809,,0.0889025999804703,,,12.059809,0.0,0.0150185149518399,0.98498148504816,0.3079863013112361,0.3878903359078188,453
PSKY,Communication Services,630.6667,14548875264.0,-0.0605919577121746,14548875264.0,23.40077952620144,,0.7624825413385411,,0.0,0.2655822888006676,0.3846677031756167,454
BG,Consumer Staples,7.9808464,-1082375040.0,0.01596594841667,,,7.9808464,0.0,0.0060374368323762,0.9939625631676238,0.2872978780460289,0.3843781323640958,455
TECH,Health Care,115.54348,313920256.0,-0.4740961933791647,313920256.0,19.564649553020857,115.54348,0.2765456671620826,0.2428693251896864,0.7571306748103135,0.1482921408981209,0.3822451115773633,456
TFC,Financials,12.463415,,-0.0265304892005447,,,12.463415,0.0,0.0159071764501052,0.9840928235498948,0.275243797280896,0.3778009862492372,457
TXN,Information Technology,32.79159,-1568999936.0,0.1305338089364142,,,32.79159,0.0,0.060665843200599,0.939334156799401,0.3197949606540557,0.377738735236037,458
D,Utilities,19.88372,-5995624960.0,-0.04300431117542,,,19.88372,0.0,0.0322452372293942,0.9677547627706058,0.2705710107667829,0.3714977320612165,459
AES,Utilities,10.038462,-4700375040.0,-0.1311794367098374,,,10.038462,0.0,0.0105679040750587,0.9894320959249412,0.2455602064673409,0.3704976907176846,460
APD,Materials,41.156025,-4705900032.0,0.1091315986060265,,,41.156025,0.0,0.0790826936419773,0.9209173063580226,0.3137242406986882,0.3703924641170132,461
NEE,Utilities,24.766552,-13566249984.0,-0.0194408166794884,,,24.766552,0.0,0.0429962785937393,0.9570037214062608,0.2772547772584868,0.3702775495994242,462
KMX,Consumer Discretionary,16.140884,57066124.0,-0.4323603280569659,57066124.0,17.859721241136327,16.140884,0.0605760466423676,0.0240042441630834,0.9759957558369166,0.1601304859360754,0.3650682911888446,463
ES,Utilities,29.257643,-417827488.0,-0.0726666403751347,,,29.257643,0.0,0.0528847828699541,0.947115217130046,0.2621573146571005,0.3627817595361439,464
AWK,Utilities,24.335135,-1340499968.0,-0.1761863373190337,,,24.335135,0.0,0.0420463827111282,0.9579536172888716,0.232794034869188,0.3572242956474179,465
EXE,Energy,,2279875072.0,0.6472126243070481,2279875072.0,21.547386485867733,,0.5277063406006297,,0.0,0.4663504961135248,0.3509876850743093,466
AMCR,Materials,25.812502,35375000.0,-0.2447913218150017,35375000.0,17.381515942196227,25.812502,0.0,0.0452992559878083,0.9547007440121916,0.213334285526102,0.3504105088614881,467
HUM,Health Care,19.346094,-1002499968.0,-0.3325701625932983,,,19.346094,0.0,0.0310614898949482,0.9689385101050516,0.1884358870828708,0.3472123191563767,468
PLTR,Information Technology,628.931,1269297536.0,0.9398561399513068,1269297536.0,20.96172946391691,,0.4535189839219096,,0.0,0.5493585968099318,0.3462151726117434,469
LUV,Industrials,50.8125,-265250000.0,-0.107363426883279,,,50.8125,0.0,0.1003443635414874,0.8996556364585125,0.2523155987319443,0.345591370557137,470
SBAC,Real Estate,24.45946,-105770624.0,-0.3693625365384784,,,24.45946,0.0,0.0423201220528918,0.9576798779471082,0.1779997594462211,0.3407038912179987,471
VTRS,Health Care,,4852474880.0,0.0264372944270371,4852474880.0,22.302754696487085,,0.6233916457615228,,0.0,0.2902680670219982,0.3364370784112086,472
DASH,Consumer Discretionary,144.96721,-775750016.0,0.3594403692949132,,,144.96721,0.0,0.307654625671727,0.692345374328273,0.3847241246250232,0.3231208496859888,473
DAY,Industrials,229.33333,278800000.0,-0.2941725538693318,278800000.0,19.446005240437444,229.33333,0.261516550109566,0.493412326503807,0.5065876734961929,0.1993273382891048,0.3163811235794157,474
CRWD,Information Technology,,1443980160.0,0.5117548940954368,1443980160.0,21.090669138403,,0.4698522528192484,,0.0,0.4279280185651734,0.3163193066972514,475
DDOG,Information Technology,385.6111,823317376.0,0.0718802454643618,823317376.0,20.528852318568447,385.6111,0.3986848233528775,0.8375054203472195,0.1624945796527804,0.3031579239776316,0.2991696804302746,476
TTWO,Communication Services,,1226212480.0,0.362993044636464,1226212480.0,20.927195971841616,,0.4491444978354665,,0.0,0.3857318381629221,0.2953773505830632,477
KHC,Consumer Staples,,2745499904.0,-0.1356370287339863,2745499904.0,21.733229010081125,,0.551247705449236,,0.0,0.2442958140314126,0.2937878263891181,478
DD,Materials,459.41174,1445500032.0,0.2449408755386562,1445500032.0,21.091721142250144,459.41174,0.4699855140655247,1.0,0.0,0.3522464341951396,0.2936681358847517,479
SW,Materials,168.53847,-1323124992.0,0.0800780018785327,,,168.53847,0.0,0.3595539314987008,0.6404460685012991,0.3054832110710908,0.2837787838717169,480
WBA,Unknown,,4522250240.0,-0.6976120253253456,4522250240.0,22.23227554783807,,0.6144637894509808,,0.0,0.0848920527581745,0.2712531316078447,481
IFF,Materials,,3240750080.0,-0.5879056974397164,3240750080.0,21.89907064643864,,0.5722554833251935,,0.0,0.1160101654972019,0.263705242979238,482
MCHP,Information Technology,,993012480.0,0.1069522418878463,993012480.0,20.71625379091334,,0.4224236659687442,,0.0,0.3131060678971558,0.2629012867566444,483
IP,Materials,,744875008.0,0.1827994325411908,744875008.0,20.428726989113983,,0.3860015748808112,,0.0,0.3346200632625813,0.2547866489310989,484
BXP,Real Estate,3822.0002,1100467840.0,-0.0649471213122261,1100467840.0,20.819001236332078,,0.4354390676379947,,0.0,0.2643469501058513,0.2534797120869533,485
CCI,Real Estate,,1330499968.0,-0.3216069342655607,1330499968.0,21.008820625082507,,0.4594841967322506,,0.0,0.1915455980873435,0.2412573581191033,486
CSGP,Real Estate,335.0,127800000.0,0.0824340922936807,127800000.0,18.665977107732434,335.0,0.1627074807541547,0.7260696737159594,0.2739303262840405,0.3061515142453466,0.239107544460478,487
STZ,Consumer Staples,,1205774976.0,-0.4319973843915825,1205774976.0,20.910388331606537,,0.4470154114345318,,0.0,0.1602334346183892,0.2268761949593294,488
ARE,Real Estate,,1351669632.0,-0.5031190594210138,1351669632.0,21.02460643041787,,0.4614838434998662,,0.0,0.1400598280050899,0.2266114858014734,489
EL,Consumer Staples,,1572749952.0,-0.6524920968550725,1572749952.0,21.176091486530453,,0.4806730198746077,,0.0,0.0976902846193171,0.2215762933356382,490
HAS,Consumer Discretionary,,475937504.0,0.0258319077624743,475937504.0,19.980797111559337,,0.329260628648304,,0.0,0.290096349575597,0.2187331563320007,491
BAX,Health Care,,1707250048.0,-0.7679031619916367,1707250048.0,21.2581497545066,,0.4910676463652223,,0.0,0.0649540276916866,0.2159132668535949,492
SJM,Consumer Staples,,409424992.0,0.025632507869122,409424992.0,19.830264277203057,,0.3101920737506803,,0.0,0.2900397899542782,0.2110887664865556,493
CRL,Health Care,,706380992.0,-0.5477411784016165,706380992.0,20.375665300040385,,0.3792800530587628,,0.0,0.1274027994101644,0.1899328610465544,494
IRM,Real Estate,713.5,-908652992.0,0.9237205330731392,,,,0.0,,0.0,0.5447817447392755,0.1634345234217826,495
COF,Financials,617.0811,,0.4784878578413605,,,,0.0,,0.0,0.4184918501635942,0.1255475550490782,496
CZR,Unknown,,186250000.0,-0.5616175854793051,186250000.0,19.04260042059307,,0.2104157588033837,,0.0,0.1234667675678962,0.1212063337917223,497
BA,Industrials,,-6363874816.0,0.1600889050117468,,,,0.0,,0.0,0.3281782401732078,0.0984534720519623,498
KEY,Financials,,,0.1361365007395419,,,,0.0,,0.0,0.3213841597324672,0.0964152479197401,499
INTC,Information Technology,,-8320625152.0,-0.0589577557675659,,,,0.0,,0.0,0.266045828883822,0.0798137486651466,500
ALB,Materials,,-251354496.0,-0.3436493498393865,,,,0.0,,0.0,0.1852932844233415,0.0555879853270024,501
DOW,Materials,,-748625024.0,-0.5693644861901385,,,,0.0,,0.0,0.1212693653364672,0.0363808096009401,502
MRNA,Health Care,,-2864375040.0,-0.9968973789352424,,,,0.0,,0.0,0.0,0.0,503
