Ticker,Sector,FreeCashFlow_Score,P/E_Score_raw,P/E_Score,SharpeRatio_Score,FinalScore,Rank
NVDA,Information Technology,0.9248901642330096,0.0989285812439012,0.9010714187560988,0.6100535978868623,0.8232935706860921,1
AAPL,Information Technology,1.0,0.0706145646274905,0.9293854353725096,0.4424879364758092,0.8115620115544957,2
MSFT,Information Technology,0.9441976761487784,0.0721935534802256,0.9278064465197744,0.4433294021919984,0.789019825073043,3
GOOG,Communication Services,0.9183203779736911,0.0484426137115427,0.9515573862884572,0.4430031157399259,0.7856963017979913,4
GOOGL,Communication Services,0.9183203779736911,0.048320415764802,0.951679584235198,0.4421813018271758,0.7854864170081886,5
PGR,Financials,0.7550258962653837,0.0185432626418904,0.9814567373581096,0.6025875790306229,0.7772236534227732,6
AVGO,Information Technology,0.8210283793575575,0.1832063026459432,0.8167936973540568,0.6726663444937776,0.7752493642973732,7
BRK-B,Unknown,0.8466135081307142,0.0256536379158164,0.9743463620841836,0.4802834453919061,0.7750343454951126,8
META,Communication Services,0.8622949470974426,0.0506735458612775,0.9493264541387224,0.4800523878251151,0.7737316314281283,9
XOM,Energy,0.8074451486270919,0.0237503408778648,0.9762496591221352,0.4881616659025649,0.7623014569582468,10
TRV,Financials,0.7718406036760561,0.015451891723693,0.9845481082763068,0.5025520943669813,0.754866302263409,11
IBM,Information Technology,0.756338015191143,0.0829193929905122,0.9170806070094876,0.5722651698720905,0.7493389391409306,12
MCK,Health Care,0.6311171355488894,0.0499668568977296,0.9500331431022704,0.6795705268290253,0.7413279551989445,13
T,Communication Services,0.7422378991602663,0.0249648011829784,0.9750351988170216,0.4945720647866341,0.7377773387452031,14
AMZN,Consumer Discretionary,0.8584058957749952,0.0662779521775729,0.9337220478224272,0.3807311577050077,0.7376983199682285,15
V,Financials,0.7898255226179138,0.061846483788926,0.938153516211074,0.4671008507620404,0.7375065191390998,16
GEV,Industrials,0.5847960731963636,0.3220332015645828,0.6779667984354172,1.0,0.7373084688091707,17
ACGL,Financials,0.6880299805255786,0.0085933544423851,0.9914066455576148,0.5302331035595192,0.7317039169453716,18
MA,Financials,0.7701739286138876,0.0751367407552296,0.9248632592447704,0.481487733636911,0.7299748693100594,19
NFLX,Communication Services,0.818803679635545,0.1037189261480738,0.8962810738519262,0.4345208693732537,0.726762054821772,20
CB,Financials,0.7464388681674311,0.0150899987360321,0.984910001263968,0.4286383368643362,0.7226400487054636,21
WMT,Consumer Staples,0.6920708067995393,0.0734880581853431,0.9265119418146568,0.5592052347119473,0.722543475677797,22
CVX,Energy,0.7614772816386547,0.0327878411178064,0.9672121588821936,0.4236212871458357,0.7218409464638706,23
GILD,Health Care,0.699298631273076,0.0383072100901547,0.9616927899098452,0.5076171325433656,0.7205124292451937,24
GE,Industrials,0.6317999234279943,0.0829169445839324,0.9170830554160676,0.6405910650037117,0.7200222054971315,25
ABBV,Health Care,0.803043986699258,0.2228362159511689,0.777163784048831,0.5452420769898277,0.7179393529913008,26
CEG,Utilities,0.5825908310080575,0.0643586127921925,0.9356413872078077,0.6775509015638301,0.7169940190347143,27
MO,Consumer Staples,0.6706283085718185,0.0161005873590873,0.9838994126409126,0.5101434179776012,0.7164641726142815,28
AIG,Financials,0.7524200288002995,0.0201464669402778,0.979853533059722,0.4000013221864503,0.7149244680939715,29
PM,Consumer Staples,0.6839814585472459,0.041539732088042,0.958460267911958,0.5110736556715343,0.714452760493946,30
HIG,Financials,0.6534421306174342,0.0146528458694986,0.9853471541305012,0.5207613021785927,0.7132093891397019,31
UNH,Health Care,0.8417892716746429,0.0205571893458538,0.979442810654146,0.2542466664996805,0.7068225518160051,32
TMUS,Communication Services,0.6289652791999721,0.0379372232692316,0.9620627767307685,0.5534432960209795,0.7062379335055131,33
AMGN,Health Care,0.7202248491659283,0.0398064363738593,0.9601935636261408,0.4278441596215154,0.7045012566406682,34
BKNG,Consumer Discretionary,0.6842299968341323,0.0718687234673477,0.9281312765326524,0.5053958239262184,0.703750128871314,35
VZ,Communication Services,0.789074301300896,0.0107290013015174,0.9892709986984826,0.3035121650872858,0.7034646696560889,36
NEM,Materials,0.7039265779467607,0.0210614532128856,0.9789385467871144,0.4260389544007456,0.7030638815350623,37
CSCO,Information Technology,0.7478222317957837,0.047361285514209,0.952638714485791,0.3901662456154053,0.7019703807486725,38
VST,Utilities,0.4931374440568132,0.0631356777416419,0.936864322258358,0.7277591702809858,0.6966420253845285,39
MRK,Health Care,0.7709530184865356,0.0161183449122047,0.9838816550877952,0.3018402633985554,0.6940977829405195,40
AFL,Financials,0.6002812843553527,0.0420424172612628,0.9579575827387372,0.5539923243540974,0.6936974858699915,41
WRB,Financials,0.5870274192070758,0.0251902681633599,0.97480973183664,0.552245794704933,0.6929276256453023,42
CAH,Health Care,0.5155420256191383,0.0395333861968974,0.9604666138031026,0.6585295925960558,0.6919156721674029,43
ANET,Information Technology,0.5756494226945734,0.1181549295053324,0.8818450704946675,0.6519589826506087,0.6904009850214122,44
JNJ,Health Care,0.7279744454424966,0.0300000682119027,0.9699999317880972,0.3568523932365996,0.6892454756844077,45
UBER,Industrials,0.6417333025289872,0.025415728538328,0.974584271461672,0.4660517276469512,0.6888841207441817,46
PG,Consumer Staples,0.7313657354471,0.041240832726505,0.958759167273495,0.3507958867061225,0.6854128103727253,47
CAT,Industrials,0.6146212499258953,0.0407681207176471,0.9592318792823528,0.5027319923839176,0.6844376614702393,48
HD,Consumer Discretionary,0.7271255607158993,0.0506437114105967,0.9493562885894032,0.3563864510566878,0.6825730461801871,49
COP,Energy,0.6743728085872617,0.0155951807555313,0.9844048192444688,0.390345066528954,0.6821740891669315,50
TJX,Consumer Discretionary,0.5667074199243076,0.0585718346659556,0.9414281653340444,0.5762518837491759,0.6819869826946892,51
BMY,Health Care,0.7760253498202534,0.0282745074368522,0.9717254925631478,0.2643643660472545,0.6812370975112221,52
COST,Consumer Staples,0.6483742893979693,0.1074576892334143,0.8925423107665856,0.5046398435714903,0.6785043620606105,53
L,Financials,0.5780943678719815,0.0222576297336115,0.9777423702663884,0.5109732366021618,0.6778524292093576,54
PH,Industrials,0.562951353844515,0.0497943146915927,0.9502056853084072,0.5579449760441045,0.6776257399435596,55
WBD,Communication Services,0.7914611357677737,0.1257583394434508,0.8742416605565492,0.3274786171706073,0.6771005376252563,56
HCA,Health Care,0.6414053731177372,0.0256518192253173,0.9743481807746828,0.4201832339446877,0.674921573662906,57
AMP,Financials,0.6158531994974697,0.0220318897294747,0.9779681102705252,0.4496060319655792,0.6746135224698193,58
GD,Industrials,0.5816824434483372,0.0364195282495631,0.9635804717504368,0.5041266428369294,0.6729851117555449,59
LRCX,Information Technology,0.6116367841860586,0.0558032504860802,0.9441967495139196,0.476657695334311,0.6709110471288926,60
BSX,Health Care,0.5598264730907297,0.1166809755334297,0.8833190244665703,0.5906968828360839,0.6661353614270882,61
CRM,Information Technology,0.7566928178682534,0.06765642269647,0.93234357730353,0.2779832669806961,0.6657751804325692,62
EG,Financials,0.6365437496488114,0.0270260732886385,0.9729739267113614,0.3949216582455089,0.6649861753465857,63
ALL,Financials,0.5530799374225355,0.0098038272795886,0.9901961727204114,0.4879112969502718,0.6646642158702192,64
KLAC,Information Technology,0.5515963613346803,0.0641384411515812,0.9358615588484188,0.543855533355825,0.6645536721951453,65
RCL,Consumer Discretionary,0.5366027861007662,0.0422979851106671,0.9577020148893328,0.5362440654943058,0.662824938555398,66
WDC,Information Technology,0.5706327610363033,0.0412243676326163,0.9587756323673836,0.4875714774340784,0.6621572373549598,67
LOW,Consumer Discretionary,0.6671422215561951,0.0363273541086884,0.9636726458913116,0.3531917108054708,0.6619161956315127,68
QCOM,Information Technology,0.6384731920741754,0.0239257035955383,0.9760742964044616,0.3771869736949911,0.661367657859506,69
MCD,Consumer Discretionary,0.6375982274034464,0.0455158717141871,0.9544841282858127,0.3971869042610093,0.6605406007254252,70
APH,Information Technology,0.4975674302958612,0.0967555103140514,0.9032444896859486,0.6349390861026891,0.6604820448549358,71
ELV,Health Care,0.7385899743593004,0.0177830037753857,0.9822169962246144,0.2301537556057659,0.6591472152928343,72
VRTX,Health Care,0.5588200076532618,0.0484619939945606,0.9515380060054394,0.499131474905436,0.6587288473345674,73
BLK,Financials,0.648585756883036,0.0492902247671148,0.9507097752328852,0.3769581465045287,0.6577346792744386,74
CI,Health Care,0.6129385349466745,0.0235346146804952,0.9764653853195048,0.3981129118574595,0.6575489031317591,75
PFE,Health Care,0.7746684767791603,0.0164595453413787,0.9835404546586212,0.1724768581575611,0.6566725845565189,76
MPC,Energy,0.4887747178658935,0.0478178869196991,0.9521821130803008,0.5788386473883484,0.6548161152869522,77
TT,Industrials,0.5317391356697935,0.0590096722936818,0.9409903277063182,0.529495384939541,0.653841368061675,78
LMT,Industrials,0.5931402993040745,0.046867944799194,0.953132055200806,0.4340451312626028,0.6534092756606524,79
AZO,Consumer Discretionary,0.4763784912501159,0.0501407245901623,0.9498592754098376,0.5907394050030301,0.6527310006239067,80
EOG,Energy,0.5859590406888928,0.0132381424561068,0.9867618575438932,0.406363666933893,0.6523212736188929,81
ETN,Industrials,0.5292731757243128,0.0715877269780237,0.9284122730219764,0.5389901387145758,0.6519299938106907,82
LIN,Materials,0.5838588503622536,0.063371882922464,0.936628117077536,0.4545986858356856,0.6509115810188679,83
KR,Consumer Staples,0.5447210516919466,0.025113482433984,0.974886517566016,0.4680797973613737,0.6507783151549955,84
RTX,Industrials,0.5537715646888434,0.0648716552536792,0.9351283447463208,0.4952493232511902,0.6506219262747907,85
ABT,Health Care,0.6485750642511763,0.0260477917426933,0.9739522082573068,0.3284588604346239,0.6501533463080497,86
OXY,Energy,0.6142675572363073,0.0481729256900192,0.9518270743099808,0.3890242255042713,0.6479624128387985,87
SMCI,Information Technology,0.4703056810023756,0.0485036675479213,0.9514963324520788,0.5801631620080028,0.6476201207389747,88
UAL,Industrials,0.5301141295034617,0.0119429904204727,0.9880570095795272,0.4621065206150225,0.6470947108597496,89
FI,Financials,0.6102270437294544,0.0369932392316447,0.9630067607683552,0.3773658055408462,0.6462025873845422,90
URI,Industrials,0.529348610130637,0.0421709542030965,0.9578290457969034,0.4869397824009291,0.6451700925116046,91
FOXA,Communication Services,0.5436233072052767,0.0156491623959256,0.9843508376040744,0.4377334969659858,0.6440746232531287,92
ORLY,Consumer Discretionary,0.4559764278855714,0.0701914438608972,0.9298085561391028,0.6091360573033147,0.6440739551869538,93
NRG,Utilities,0.51846670568404,0.1444516374461011,0.8555483625538989,0.5969094466856574,0.6431240250454828,94
DELL,Information Technology,0.4953534219694249,0.0308748209112786,0.9691251790887212,0.5134514765191702,0.6429143654701375,95
FOX,Communication Services,0.5436233072052767,0.0129271772060287,0.9870728227939712,0.4306707847040106,0.6427724051315052,96
COR,Health Care,0.4554315096281813,0.0540264999587139,0.945973500041286,0.5886575780538633,0.6425619272798173,97
NOC,Industrials,0.5380639662407681,0.0350223732178633,0.9649776267821368,0.4585662545720316,0.6422887509025578,98
MMC,Financials,0.6093551283655199,0.0405410266037561,0.959458973396244,0.3642436634887955,0.6408528424117197,99
TDG,Industrials,0.4853768931451286,0.0821521742200516,0.9178478257799484,0.5643296906168,0.6388040121770759,100
CVS,Health Care,0.6466235431270345,0.034414809491928,0.965585190508072,0.3015009909114383,0.6387752716766669,101
MET,Financials,0.5625247180020628,0.0180568311893284,0.9819431688106716,0.3964072816557738,0.6385150223407587,102
JBL,Information Technology,0.4660923444225081,0.0825514186188823,0.9174485813811176,0.5891698204807804,0.6384224583275727,103
ADP,Industrials,0.5825822722766703,0.0528222207975079,0.947177779202492,0.4023323809779903,0.6378859569648128,104
CME,Financials,0.559153130389037,0.0442094068071436,0.9557905931928564,0.4243367914412129,0.6376994675458355,105
MSI,Information Technology,0.5131573436758675,0.0728192534696486,0.9271807465303512,0.5124412502688599,0.6371495365101103,106
PEP,Consumer Staples,0.680131214650187,0.0453190524118727,0.9546809475881272,0.2620656252304202,0.637076457705639,107
FDX,Industrials,0.6111433305754415,0.0183753860594431,0.9816246139405568,0.3263824534723289,0.6368594524540423,108
AMAT,Information Technology,0.5757872057894311,0.0384130310151859,0.961586968984814,0.3900303817395097,0.6358000875330696,109
ACN,Information Technology,0.7037279818643254,0.0304852776629793,0.9695147223370206,0.2083866670219497,0.6348616095534212,110
RSG,Industrials,0.5026594299665078,0.0623819670416555,0.9376180329583444,0.5079557573034502,0.6347359090651415,111
DIS,Communication Services,0.6776020563698317,0.0277249326354617,0.9722750673645384,0.2395066520490665,0.6345753383720142,112
ICE,Financials,0.5981446981601591,0.0602118861622872,0.9397881138377128,0.3721181755500397,0.6328297660803894,113
HWM,Industrials,0.378694812006796,0.1109357102288266,0.8890642897711734,0.7152834186936,0.6327822373421504,114
CTVA,Materials,0.5382302510148348,0.0603637270027191,0.9396362729972808,0.4491791866389056,0.6319367382967899,115
VLO,Energy,0.5470614204383075,0.1322633395850929,0.867736660414907,0.5034438837467055,0.6301787314238068,116
EQT,Energy,0.4910234287964183,0.0454687310803069,0.9545312689196932,0.4872480180364936,0.6289431576054234,117
DHI,Consumer Discretionary,0.499046023141417,0.0182532519650323,0.9817467480349676,0.4493345460539966,0.6289427974832561,118
EMR,Industrials,0.5695692321686086,0.0633718058593073,0.9366281941406926,0.3989464149081329,0.6285000755820911,119
ADBE,Information Technology,0.6937539999325416,0.0387234524195578,0.961276547580442,0.2064664179487885,0.6278244896317858,120
F,Consumer Discretionary,0.6060571464039517,0.0212664147881608,0.9787335852118392,0.3047126967672058,0.6274567431552942,121
UNP,Industrials,0.6269698696152893,0.0306301101597568,0.9693698898402432,0.2861773357819187,0.6274521155327643,122
SYK,Health Care,0.5816234642143814,0.0985057467118901,0.9014942532881098,0.4121995887823347,0.626757538306886,123
JCI,Industrials,0.5524245295990675,0.0682365497368013,0.9317634502631986,0.4188754044272189,0.6261614682467522,124
WAB,Industrials,0.46122167004525,0.0502926336865331,0.9497073663134667,0.520303460721135,0.6254919161284805,125
SLB,Energy,0.5629198072012455,0.0144268614650647,0.9855731385349352,0.3482135480608391,0.6253039288592305,126
HLT,Consumer Discretionary,0.5144902761587796,0.0794538848499501,0.92054611515005,0.4760325237796308,0.6247697021424161,127
SPGI,Financials,0.6253126861214494,0.0741648862765565,0.9258351137234436,0.3226745002256594,0.6246779586333107,128
HON,Industrials,0.6158462626979856,0.0409102031606313,0.9590897968393688,0.2995131574934345,0.6239193913790352,129
CBOE,Financials,0.4279996839711023,0.0486237385515359,0.951376261448464,0.5506025993269782,0.6217935318210736,130
INTU,Information Technology,0.6275364416914154,0.0991054455922289,0.900894554407771,0.3322700147547117,0.6209639474253109,131
MDLZ,Consumer Staples,0.5815235977562752,0.0398486757909708,0.9601513242090292,0.332279118651446,0.6203385719606526,132
LHX,Industrials,0.5575642850167276,0.0583958664520506,0.9416041335479494,0.3798261482954223,0.6194547985597025,133
PLD,Real Estate,0.6281150937823383,0.0558308963431096,0.9441691036568904,0.2807738169921596,0.6187289137076503,134
DE,Industrials,0.5305291279626374,0.0424335193871328,0.9575664806128672,0.3944803376291118,0.6178256966576486,135
CCL,Consumer Discretionary,0.5146135595993334,0.0236479349515794,0.9763520650484204,0.3946436319929803,0.6171441329521536,136
GWW,Industrials,0.4369730203506714,0.043642136103161,0.9563578638968387,0.51687839579935,0.6167600860491251,137
ADI,Information Technology,0.5776093869663841,0.1259126727265522,0.8740873272734477,0.4081454577867277,0.6157135903046063,138
CTAS,Industrials,0.4793835360652352,0.0886122531467275,0.9113877468532724,0.4989728177908357,0.6148615838193265,139
PHM,Consumer Discretionary,0.3950720211120149,0.01020304745857,0.98979695254143,0.532683110363883,0.6147728273163999,140
GL,Financials,0.4606425558976729,0.0140613685270818,0.9859386314729182,0.4466778312993698,0.6140419611907555,141
SPG,Real Estate,0.5140439465922714,0.0499659651669159,0.950034034833084,0.4103202391692815,0.6137238608376183,142
HPQ,Information Technology,0.5522644349370706,0.0110116513460046,0.9889883486539952,0.3201074182547029,0.6136345040474377,143
CF,Materials,0.4784692371082736,0.0130197652861453,0.9869802347138548,0.4168990475707194,0.6125514795286816,144
CMI,Industrials,0.4490708770954985,0.0322367602821527,0.9677632397178472,0.4728223861365326,0.6118040385945133,145
WELL,Real Estate,0.5152675827740913,0.192800060163867,0.8071999398361329,0.5446282484180941,0.6116554895859047,146
CL,Consumer Staples,0.5505363366455179,0.038667553007463,0.961332446992537,0.3405207840959344,0.6107705039847486,147
AON,Financials,0.5679317251293455,0.0536326521826595,0.9463673478173404,0.330216048635752,0.6101477089876659,148
ITW,Industrials,0.530297991702368,0.0390854092595487,0.9609145907404512,0.3608734366850596,0.6086556049086005,149
GDDY,Information Technology,0.4490721604679696,0.0453818192521353,0.9546181807478646,0.4740435446129134,0.6082273817954214,150
MAR,Consumer Discretionary,0.4748319222930393,0.0549700634516454,0.9450299365483544,0.4492129010797346,0.6082056202056425,151
MDT,Health Care,0.6128463571988171,0.0462959952606951,0.9537040047393048,0.2531057617205384,0.6071814728174798,152
BKR,Energy,0.4350248238442634,0.022528385630307,0.9774716143696928,0.4603747825364145,0.6053638486095376,153
VLTO,Industrials,0.3913706118979075,0.054211795016389,0.9457882049836108,0.5486693608158281,0.6048855144989947,154
MU,Information Technology,0.4484881017625369,0.0530236638892268,0.9469763361107733,0.4705467578250999,0.6046521688857767,155
PFG,Financials,0.4857991445096415,0.0247372380847336,0.9752627619152664,0.3909588801966691,0.6041861504374373,156
TMO,Health Care,0.6317327285475107,0.049466985630632,0.950533014369368,0.2208266950106757,0.6041010042330174,157
PWR,Industrials,0.4167191052087309,0.1211127962107931,0.8788872037892068,0.5777268152288553,0.603671847788911,158
CINF,Financials,0.4749899742051273,0.018250589983418,0.981749410016582,0.3961225162649459,0.6033575675665093,159
KO,Consumer Staples,0.4910583671798985,0.0403325047106395,0.9596674952893604,0.3964064925878282,0.603245543235116,160
CARR,Industrials,0.5398370717122905,0.0648829769323065,0.9351170230676934,0.3535236991583705,0.6025270453527354,161
OMC,Communication Services,0.4926758267310526,0.0120928364260473,0.9879071635739528,0.3635940264279645,0.6025206876929963,162
APA,Energy,0.5143205682423756,0.006353881493079,0.993646118506921,0.3263009182700973,0.6017123383300557,163
NVR,Consumer Discretionary,0.445328103605893,0.0261673409186466,0.9738326590813532,0.43758112673889,0.6015553771884302,164
PANW,Information Technology,0.5778253282216637,0.2749611979299498,0.7250388020700502,0.5073365718784214,0.6008427434732069,165
REGN,Health Care,0.5560224764353119,0.0213306854608821,0.978669314539118,0.2809829246503983,0.6003046623309797,166
FCX,Materials,0.5217337362711577,0.0634266021673585,0.9365733978326416,0.3654750782238171,0.5993080373254006,167
OKE,Energy,0.4702918509791853,0.0191745530128838,0.9808254469871162,0.3892678706768846,0.5991447356908743,168
NTAP,Information Technology,0.4684758366080863,0.037326495550261,0.962673504449739,0.4080685912828328,0.5986129633630061,169
WMB,Energy,0.3545002479725457,0.0553088418958933,0.9446911581041066,0.5761127860202544,0.5980412824263266,170
EXPE,Consumer Discretionary,0.494850324597254,0.0487788887040987,0.9512211112959011,0.3811311014720814,0.5976457936692965,171
NDAQ,Financials,0.5048843320465735,0.0643173377654424,0.9356826622345576,0.3821355243799909,0.5972991888029939,172
WM,Industrials,0.4704120076064888,0.0592631616396586,0.9407368383603414,0.4214608739499523,0.5968241167356836,173
SNPS,Information Technology,0.5459198888026188,0.1362963518209123,0.8637036481790876,0.3972728369850735,0.5966609010702958,174
ECL,Materials,0.5190317218086091,0.0665072414905288,0.9334927585094712,0.3611779260104317,0.5960138940794145,175
AME,Industrials,0.4677927590472793,0.0549688722754227,0.9450311277245772,0.4158906767421318,0.5953936449589246,176
LDOS,Industrials,0.3964626061663665,0.0274385659450151,0.9725614340549849,0.4822124244759727,0.5950172000258338,177
AMT,Real Estate,0.6127090407851216,0.0680223361791083,0.9319776638208916,0.2339411681632529,0.5948592659092921,178
BLDR,Industrials,0.4194411398668586,0.0298824500184768,0.9701175499815232,0.4520989003903408,0.5944413910583026,179
ABNB,Consumer Discretionary,0.5777018235627148,0.0563577110916081,0.943642288908392,0.2660369637735853,0.593984505229679,180
CMCSA,Communication Services,0.5847075391746023,0.0,1.0,0.1972427090773969,0.5930558283930599,181
CTRA,Energy,0.4552980620547361,0.0129905385335005,0.9870094614664996,0.3824662974866308,0.5929619525078336,182
MNST,Consumer Staples,0.4693450083333885,0.076168096798124,0.923831903201876,0.4250711307591185,0.5924089135216538,183
FTNT,Information Technology,0.504863543076035,0.0623352733740844,0.9376647266259156,0.3632710274272358,0.5922261434463595,184
KMB,Consumer Staples,0.5079976306514822,0.0259499919913765,0.9740500080086234,0.3210471774825319,0.5917282079079395,185
TEL,Information Technology,0.47426132300814,0.0864001684433269,0.9135998315566732,0.4245607111889112,0.5911526920269313,186
AJG,Financials,0.4213845422414325,0.0881284220252543,0.9118715779747456,0.4959248084762538,0.5908927328318728,187
EBAY,Consumer Discretionary,0.4764868544989101,0.0330443733575722,0.9669556266424276,0.3647391652097498,0.5901031793552173,188
HAL,Energy,0.490733309558884,0.0117340061484157,0.9882659938515844,0.3236829779816732,0.5898780153735309,189
MCO,Financials,0.5170090298325227,0.0783204839767047,0.9216795160232952,0.3544232085089672,0.5896344292926878,190
SYY,Consumer Staples,0.4900713389751194,0.0370996700565164,0.9629003299434836,0.3421533233421308,0.5875446315757321,191
WSM,Consumer Discretionary,0.3964150769102404,0.0370740586668249,0.9629259413331752,0.4668953780371316,0.5875124265751882,192
AIZ,Financials,0.4379670380741601,0.0219313245117332,0.9780686754882668,0.395042924066208,0.5871202950960065,193
PSA,Real Estate,0.5368377978706549,0.0553827608758385,0.9446172391241614,0.2960919488133968,0.5869478755295294,194
VICI,Real Estate,0.4362471026363925,0.0153255015412257,0.9846744984587744,0.3881269659723337,0.5863392803838894,195
DAL,Industrials,0.4160621210797399,0.0075901484697456,0.9924098515302544,0.4063488861284932,0.5860524697295202,196
SNA,Industrials,0.3694257161577247,0.0280038572267716,0.9719961427732284,0.4885344240958538,0.5859294565238145,197
GM,Consumer Discretionary,0.4668244603880602,0.0082914980574337,0.9917085019425662,0.3386963367529701,0.585851235763885,198
DRI,Consumer Discretionary,0.4249746218907891,0.0320599553825459,0.967940044617454,0.4161429436808295,0.5852147452458007,199
CHTR,Communication Services,0.5902698438734295,0.0042944104634821,0.9957055895365178,0.1676242422195152,0.5851068870761817,200
GEHC,Health Care,0.481495914229238,0.0222637749699104,0.9777362250300896,0.3302339417106171,0.5849894157139072,201
DLR,Real Estate,0.5067912510610543,0.0881721498621932,0.9118278501378068,0.3612592619002892,0.5846426340358505,202
RL,Consumer Discretionary,0.3627292421091062,0.043369711238671,0.9566302887613288,0.5082857745689219,0.5845665158427177,203
DLTR,Consumer Staples,0.5125850083730876,0.029113214395114,0.970886785604886,0.2927145827544247,0.5841144138570282,204
FICO,Information Technology,0.3664480839178095,0.1157158651818736,0.8842841348181263,0.5693102398496216,0.5826575459674481,205
LYV,Communication Services,0.497926125088639,0.1412107133623246,0.8587892866376753,0.4190645014233976,0.5825265864537775,206
GLW,Information Technology,0.4341847653336769,0.1748221614632808,0.8251778385367191,0.5370223979110972,0.5823339770678156,207
GPN,Financials,0.562626874638276,0.0209296003535076,0.9790703996464925,0.2098500261519739,0.5817268775948502,208
EA,Communication Services,0.4945619380855692,0.0837427577751694,0.9162572422248306,0.3621919246056339,0.581359525283367,209
ROST,Consumer Discretionary,0.4473523787347742,0.0395540237102724,0.9604459762897276,0.3789959353119083,0.5807735249744005,210
SHW,Materials,0.4964639252677243,0.0641426532035482,0.9358573467964516,0.3363737507950929,0.5802548993845531,211
HST,Real Estate,0.4561073232899101,0.0292688291284218,0.9707311708715782,0.3525406792780142,0.5794244843608418,212
BDX,Health Care,0.5771859351765323,0.06389109043649,0.93610890956351,0.2256588980552302,0.579404716356235,213
BRO,Financials,0.4233910574737279,0.0466702271606524,0.9533297728393476,0.4123919189347825,0.5790729305217301,214
GRMN,Consumer Discretionary,0.3895238405001412,0.052298501786106,0.947701498213894,0.4624217200436401,0.5788465016773168,215
ADM,Consumer Staples,0.4902208175432042,0.0474831113559928,0.9525168886440072,0.3220657877405903,0.578463129932661,216
OTIS,Industrials,0.4692604709436943,0.0403998028645185,0.9596001971354814,0.3424446813890988,0.5783176519348517,217
NXPI,Information Technology,0.4666446378325466,0.0473332279197421,0.952666772080258,0.352791759767655,0.5782954146873925,218
VMC,Materials,0.4320037722055936,0.0794048947003081,0.920595105299692,0.4304164629923863,0.5781049793698609,219
ROP,Information Technology,0.5179344167801999,0.0665449033561299,0.93345509664387,0.3029717029724047,0.5781018065969624,220
NOW,Information Technology,0.5980490722531605,0.253661205623495,0.746338794376505,0.381764540818758,0.5776506294598431,221
DVA,Health Care,0.4350149785097509,0.0167003368809291,0.9832996631190708,0.3620819111889694,0.5776204636963125,222
YUM,Consumer Discretionary,0.4597813709038184,0.0517225361562386,0.9482774638437612,0.3636528183034136,0.5774916330056798,223
PAYX,Industrials,0.4754681708329016,0.0509618083053799,0.94903819169462,0.3414710287538168,0.5773400344676918,224
GIS,Consumer Staples,0.5187443115301174,0.0094218582386946,0.9905781417613054,0.2419042237565812,0.577242434267413,225
CPAY,Financials,0.447872958418432,0.0336890374889667,0.9663109625110332,0.353662603294099,0.5751412531089125,226
CDNS,Information Technology,0.4758916172382823,0.2106391350920969,0.7893608649079031,0.491624451138463,0.5746522417092228,227
BR,Industrials,0.427828676126389,0.0633451376034662,0.9366548623965336,0.4060650778672384,0.5739474525296873,228
NSC,Industrials,0.470782652478996,0.0306443712473627,0.9693556287526373,0.3150469413623603,0.5736338320260976,229
CTSH,Information Technology,0.5002171220384142,0.0183614827650649,0.981638517234935,0.2630214198352277,0.5734848299364145,230
GEN,Information Technology,0.4580359348228571,0.0549550845757796,0.9450449154242204,0.3556453203286098,0.5734214446549919,231
HUBB,Industrials,0.3294368334681128,0.0515387999761342,0.9484612000238658,0.523450972404466,0.5733483851157446,232
UHS,Health Care,0.3856785111130893,0.0103486505869149,0.989651349413085,0.4043813031772022,0.5724812002223219,233
FFIV,Information Technology,0.4038799727996521,0.0522844939060151,0.9477155060939848,0.4192946158226939,0.5716550256948645,234
DECK,Consumer Discretionary,0.3814108537925102,0.0269510886353258,0.9730489113646742,0.4235058046454836,0.5715307563200515,235
IQV,Health Care,0.5369067045886652,0.04812101154403,0.95187898845597,0.2353328134254391,0.5709262223998889,236
DGX,Health Care,0.413367734034282,0.0368785032002809,0.963121496799719,0.3853538971848391,0.5698897118090802,237
DHR,Health Care,0.5951666562506073,0.0786318631660247,0.9213681368339752,0.1838268881208686,0.5696251699866961,238
ISRG,Health Care,0.4994963253815069,0.1235666632657594,0.8764333367342405,0.3559273455951663,0.5695067348514249,239
O,Real Estate,0.5364952886570913,0.1149299817148505,0.8850700182851495,0.2973862880160947,0.5693350073532097,240
FAST,Industrials,0.3701095535864357,0.0891977371773545,0.9108022628226454,0.4931974701604191,0.5692437413294936,241
ULTA,Consumer Discretionary,0.4021156470472236,0.0325071726973496,0.9674928273026504,0.3912972538788072,0.5684832831733267,242
J,Industrials,0.4361334432273431,0.0728978622931326,0.9271021377068672,0.3848471237995725,0.5680381557428692,243
AMD,Information Technology,0.5306241833576469,0.1959753682723858,0.8040246317276141,0.381728605943977,0.5679756446445361,244
ADSK,Information Technology,0.5329909800474874,0.1361691755942462,0.8638308244057538,0.3161381739212088,0.5671870915170837,245
HII,Industrials,0.3870178495509249,0.0337742605331034,0.9662257394668964,0.4028884483159613,0.5655413961552272,246
CSX,Industrials,0.472802043276509,0.033014569732154,0.966985430267846,0.282928781126601,0.5640950807289377,247
PNR,Industrials,0.3854006904958444,0.0548201007504335,0.9451798992495664,0.4183485894715381,0.5632188228146691,248
LII,Industrials,0.331728322105177,0.0393073555545694,0.9606926444454306,0.4731031165547643,0.5628300571421292,249
LVS,Consumer Discretionary,0.4000517719140326,0.0483698220554904,0.9516301779445095,0.3894236442995658,0.5623368554388356,250
PKG,Materials,0.3407594783605813,0.034938422816715,0.965061577183285,0.4538782853312114,0.5619857500985814,251
PTC,Information Technology,0.4047852947593843,0.0954136778216731,0.9045863221783268,0.4276105880921617,0.5615731909849003,252
HSY,Consumer Staples,0.4266186842246972,0.0440746211442005,0.9559253788557994,0.3462366120227904,0.5612960709534558,253
RMD,Health Care,0.4471991947188025,0.0517155366198021,0.9482844633801978,0.3259079751452737,0.5611374094451624,254
STX,Information Technology,0.3165135009512105,0.060415718211865,0.9395842817881348,0.507023011973511,0.5605875885089779,255
TSCO,Consumer Discretionary,0.3837487486371752,0.0531743619931345,0.9468256380068656,0.410039380799915,0.5605590050969043,256
K,Consumer Staples,0.3598119033666381,0.0330661227822087,0.9669338772177912,0.4205614890830952,0.5601733712369211,257
IR,Industrials,0.4386576709587915,0.1277591852270087,0.8722408147729913,0.4089822819932308,0.5598299974133834,258
NKE,Consumer Discretionary,0.5897304329686662,0.0607271700607328,0.9392728299392672,0.1395401300747432,0.5595360611916695,259
ROK,Industrials,0.4449353924287113,0.0783515162090218,0.9216484837909782,0.3452868487149533,0.558054756723264,260
UPS,Industrials,0.6002538676681637,0.0160073871773257,0.9839926128226744,0.0754551847933179,0.5579358863520631,261
BEN,Financials,0.4905201813194286,0.0938927571584439,0.906107242841556,0.2996121108417482,0.5579238786327627,262
ZTS,Health Care,0.5280600472404988,0.0437490381141911,0.9562509618858088,0.195856256573652,0.5568561844340378,263
SBUX,Consumer Discretionary,0.4870067791947648,0.0690645603289076,0.9309354396710924,0.2752136511125704,0.5566474389130047,264
LH,Health Care,0.4273157712094119,0.0557743606095206,0.9442256393904794,0.3405744145944944,0.556366324679257,265
MLM,Materials,0.3666800621593505,0.0638788043675011,0.9361211956324988,0.4287503195900939,0.556133479430518,266
CMG,Consumer Discretionary,0.4386082194016231,0.0650801749449913,0.9349198250550088,0.3329792218987831,0.5558130018467867,267
TKO,Communication Services,0.3196239232236869,0.1706894052827903,0.8293105947172097,0.5971058916817468,0.5557745152091618,268
KMI,Energy,0.2676472061839193,0.037951629675933,0.9620483703240668,0.5307548550474598,0.5548998500850256,269
IVZ,Financials,0.4147729176623824,0.0417109598169053,0.9582890401830948,0.3335073612185386,0.5534480874854429,270
EQIX,Real Estate,0.525922810468328,0.1590996261349206,0.8409003738650793,0.3000967029285274,0.5526682472254132,271
MPWR,Information Technology,0.3382155204532937,0.0412692976548003,0.9587307023451996,0.4298325749151115,0.5518551913594109,272
CBRE,Real Estate,0.382728503789972,0.0899832067051358,0.9100167932948642,0.4116274184958974,0.5495846650532173,273
TAP,Consumer Staples,0.370943045994362,0.0086896371504163,0.9913103628495836,0.3458976426611314,0.5495396200509592,274
CHRW,Industrials,0.3534539850459041,0.0565559791812693,0.9434440208187308,0.4150773608527893,0.5489380085198177,275
INCY,Health Care,0.36852303779948,0.0335058671726131,0.9664941328273868,0.3685062450267253,0.5479093284760257,276
CPRT,Industrials,0.4002967794173445,0.0519574576850499,0.94804254231495,0.3442908938186806,0.547818742607027,277
ALLE,Industrials,0.347345368674756,0.0433816692387926,0.9566183307612074,0.4036678242913314,0.547023993985664,278
BIIB,Health Care,0.5272715133989644,0.0184897808111128,0.9815102191888871,0.1387631091312602,0.5469906038556299,279
AVB,Real Estate,0.4576811443329825,0.0406593009349165,0.9593406990650836,0.2526532018968245,0.5466706280217655,280
FTV,Industrials,0.4554627865197453,0.036696592316089,0.963303407683911,0.2504977332540011,0.5463254568892718,281
VRSN,Information Technology,0.3875208486126223,0.0626328758727837,0.9373671241272162,0.3663787471943647,0.5461321008415232,282
IT,Information Technology,0.4401928657936952,0.0232477173551693,0.9767522826448306,0.2539705105581609,0.5452939842783755,283
MAS,Industrials,0.3762619876694867,0.0306557149440349,0.969344285055965,0.3464452416619144,0.5452416530831585,284
XYL,Industrials,0.4139998686323646,0.0703906543228751,0.9296093456771248,0.3354522976824859,0.545118440460829,285
CNC,Health Care,0.4838053533173301,0.0054436519988661,0.994556348001134,0.1769325873140995,0.5449688219215021,286
ON,Information Technology,0.4236566235150754,0.0955567510766724,0.9044432489233276,0.3470235623867977,0.5449026927990677,287
TGT,Consumer Staples,0.5441001565787438,0.0110811446989485,0.9889188553010516,0.1015635742072473,0.5447847914839872,288
ROL,Industrials,0.3554063367306405,0.1094772195297749,0.890522780470225,0.4510941039564023,0.5446476000202445,289
KIM,Real Estate,0.3941595780650603,0.0473768698863063,0.9526231301136936,0.3370134667811356,0.5445548102944728,290
KVUE,Consumer Staples,0.5057132409194175,0.0423066315968533,0.9576933684031468,0.1822290024685141,0.5442620076292654,291
VRSK,Industrials,0.4021368733410674,0.0715773212500593,0.9284226787499408,0.3442429431365738,0.5426544359023813,292
EQR,Real Estate,0.4664164570671884,0.0425132423236828,0.9574867576763172,0.2259131364997053,0.5415865510796821,293
TSN,Consumer Staples,0.4743460246111172,0.0420991269374057,0.9579008730625944,0.2145075635228334,0.5414609408200752,294
TDY,Information Technology,0.3733077377849595,0.057055929713328,0.942944070286672,0.3621953267595988,0.540864914227865,295
DOV,Industrials,0.3950941672365993,0.0372064113358195,0.9627935886641804,0.3117003927834371,0.5403858613289251,296
STE,Health Care,0.4113757707263796,0.0722212808040207,0.9277787191959792,0.3231678706283559,0.5398342852378524,297
CLX,Consumer Staples,0.4336021629286419,0.0295497661690249,0.9704502338309752,0.2501912001510598,0.5396332953660673,298
CDW,Information Technology,0.4191757165723395,0.0326162809164669,0.967383719083533,0.2711153158984775,0.539219997123539,299
APTV,Consumer Discretionary,0.4795606956366527,0.03094704670358,0.96905295329642,0.187311148608534,0.5387335088261472,300
BBY,Consumer Discretionary,0.4409334389985783,0.0322768353254621,0.9677231646745378,0.2363514837448517,0.5375957701252482,301
ERIE,Financials,0.3074210695613866,0.047055278727816,0.952944721272184,0.4234596047222651,0.5358897256228894,302
WYNN,Consumer Discretionary,0.3476750278165144,0.0728372796429124,0.9271627203570876,0.3936930800201262,0.5353267512397699,303
TXT,Industrials,0.3621942201623757,0.0299324926306594,0.9700675073693406,0.3302663020187492,0.5349778308813772,304
EXR,Real Estate,0.4328834500395997,0.0551511354483312,0.9448488645516688,0.2598404879336504,0.5345601857614356,305
MSCI,Financials,0.4373479380304873,0.0700310335974358,0.9299689664025642,0.266817544137123,0.5339751283741011,306
TPR,Consumer Discretionary,0.4030264560746538,0.2950798780977115,0.7049201219022885,0.536302427723974,0.5335773473177403,307
KDP,Consumer Staples,0.4628661211526934,0.0412889994012721,0.958711000598728,0.2020568523641735,0.5333768043499478,308
MGM,Consumer Discretionary,0.4087809960782525,0.0315387244102045,0.9684612755897954,0.2627436529697644,0.5328738769991689,309
ZBH,Health Care,0.4558699764690079,0.0422160537642254,0.9577839462357746,0.2091623979830188,0.5324318938532412,310
ESS,Real Estate,0.413969465198463,0.0358198998269676,0.9641801001730324,0.2564379710236243,0.5317732074383822,311
DG,Consumer Staples,0.474688848549712,0.0300996668374782,0.9699003331625218,0.1671584668850378,0.5309931794341527,312
REG,Real Estate,0.3676906963650441,0.0607646051404727,0.9392353948595272,0.3399268901938567,0.5308249640620328,313
EXPD,Industrials,0.3679677058804391,0.0316212612528777,0.9683787387471222,0.3020599491778267,0.5283186887296604,314
CHD,Consumer Staples,0.3986725338338333,0.0823015182142051,0.9176984817857948,0.3105173559201721,0.5279337648453234,315
IPG,Communication Services,0.4147000654468615,0.036326435956221,0.963673564043779,0.2404963348116746,0.5271309958353807,316
EW,Health Care,0.452743418901544,0.0570159163205441,0.942984083679456,0.20522834730719,0.5255610968566113,317
PCAR,Industrials,0.2219779289310426,0.0260280327493051,0.9739719672506948,0.4808469779650179,0.5252368551371309,318
WDAY,Information Technology,0.5372356642677433,0.2277142609295163,0.7722857390704836,0.2598865364826591,0.5245459483730401,319
A,Health Care,0.4103695074447311,0.0534492682912716,0.9465507317087284,0.2545671668712327,0.5244831725518808,320
COIN,Financials,0.3035771849577094,0.0611077453593921,0.938892254640608,0.4042043108489124,0.5243598436299399,321
NWS,Communication Services,0.297537334169643,0.0773761300359655,0.9226238699640344,0.4254114109698161,0.5234255179480123,322
CPB,Consumer Staples,0.3820504578712838,0.0250852376861365,0.9749147623138634,0.2604291973887921,0.5234233710593101,323
EFX,Industrials,0.4048127491200074,0.0990189212816455,0.9009810787183544,0.3036393661580331,0.5233112331109192,324
NWSA,Communication Services,0.297537334169643,0.0687261980257062,0.9312738019742938,0.3908728220267504,0.5156589208681704,325
MAA,Real Estate,0.4202481263058287,0.052281257253432,0.947718742746568,0.2091605354820908,0.5151630339909291,326
TTD,Communication Services,0.3938651990666121,0.1064341495964178,0.8935658504035822,0.2981016637086277,0.5150463338603077,327
ZBRA,Information Technology,0.4078901393109077,0.0546314743625827,0.9453685256374172,0.2249523402369624,0.5142523154866769,328
CAG,Consumer Staples,0.4337232679897176,0.0054741130831015,0.9945258869168984,0.1392618924335198,0.5136256410010125,329
HOLX,Health Care,0.3885667221989552,0.0490650440213154,0.9509349559786844,0.2416709824960271,0.5132084704219956,330
INVH,Real Estate,0.4213578037901931,0.061792682696499,0.9382073173035008,0.2098814019514817,0.512969737292572,331
MTD,Health Care,0.3762626458752722,0.0590294026636118,0.9409705973363882,0.2664204524682134,0.5127223732914894,332
LULU,Consumer Discretionary,0.4256745593794763,0.0139406215694922,0.9860593784305076,0.1533675378539072,0.512097898637115,333
MHK,Consumer Discretionary,0.3493740292640005,0.0266707196602781,0.973329280339722,0.2677121384326605,0.5120620373373149,334
AOS,Industrials,0.3110899981279666,0.0332924396591189,0.9667075603408812,0.3203043329989716,0.5105395672531424,335
SWKS,Information Technology,0.4381009533476996,0.057721132276896,0.942278867723104,0.1753183511145156,0.5105195469903656,336
DPZ,Consumer Discretionary,0.3296304075160841,0.0432495939971623,0.9567504060028376,0.2970571586913804,0.507994432414699,337
IDXX,Health Care,0.3639244897272376,0.1087595897997743,0.8912404102002256,0.3168269306112255,0.5079899981343304,338
TROW,Financials,0.396796851503271,0.014598346805052,0.985401653194948,0.17430217999512,0.5066298905583289,339
ODFL,Industrials,0.3487410299316414,0.0489139319781658,0.9510860680218342,0.2713554119149053,0.5062288559536784,340
SOLV,Health Care,0.2657939500524122,0.0629225232519029,0.937077476748097,0.3895447673873751,0.5043042532616064,341
MOS,Materials,0.2867714487615856,0.0138269732295408,0.9861730267704591,0.3078788253821352,0.5029241351504126,342
SWK,Industrials,0.400209588253411,0.0418868003261506,0.9581131996738492,0.181338125258693,0.5019192327811272,343
XYZ,Financials,0.354985208233961,0.0247055585218999,0.9752944414781,0.2202401607109184,0.50065446395029,344
MOH,Health Care,0.3386053801143687,0.007480163932446,0.992519836067554,0.2213786493223592,0.4996116976627214,345
AVY,Materials,0.3565283636868361,0.0289951404281612,0.9710048595718388,0.2160127670269929,0.498716633454384,346
PPG,Materials,0.3631398418597887,0.0320314354091386,0.9679685645908612,0.2030688633964217,0.4965671651401004,347
PYPL,Financials,0.4246037025594528,0.0206294349543955,0.9793705650456044,0.1096165516185159,0.4965376160230171,348
WAT,Health Care,0.3264020017372285,0.0481459734014004,0.9518540265985996,0.2673578219894086,0.4963243552712939,349
TER,Information Technology,0.315953436268637,0.0800923464981292,0.9199076535018708,0.309533800767758,0.4952138107883434,350
VTR,Real Estate,0.4398978978566661,0.3322026759084678,0.6677973240915321,0.3933491956928338,0.4943031150779762,351
FRT,Real Estate,0.3040569731752156,0.0439952394873447,0.9560047605126551,0.2831224343428006,0.4933609477267229,352
MKC,Consumer Staples,0.3160601519509438,0.0387000736596073,0.9612999263403926,0.253852978623442,0.4909699322695279,353
LKQ,Consumer Discretionary,0.3419599559095947,0.0131189565778924,0.9868810434221076,0.1831973994062206,0.4878075152123364,354
JKHY,Financials,0.2925335776492856,0.0420024897388535,0.9579975102611464,0.2712115689623239,0.4857761548267553,355
EMN,Materials,0.3013264671940043,0.0086282508415615,0.9913717491584384,0.2237576840455693,0.4850694168388041,356
NDSN,Industrials,0.2955863833882616,0.0508025517874651,0.9491974482125348,0.2682792713616105,0.4834775692275482,357
HSIC,Health Care,0.2841149186778743,0.0365084084909383,0.9634915915090616,0.2670779815008638,0.4828168393741273,358
AKAM,Information Technology,0.3333090785824721,0.0478127501098513,0.9521872498901488,0.2113925168345974,0.4823975614504127,359
EPAM,Information Technology,0.3454003543542207,0.0375267760892153,0.9624732239107846,0.1841973398515543,0.4821613108703899,360
KEYS,Information Technology,0.3139115382966838,0.112989443355953,0.8870105566440469,0.3014565845867065,0.4821047576878995,361
GPC,Consumer Discretionary,0.2289111299582243,0.0405088582403283,0.9594911417596717,0.3397813543378234,0.4813462008125383,362
ALGN,Health Care,0.3737912797711432,0.0372501810070434,0.9627498189929564,0.1423819096158918,0.4810560304911118,363
IEX,Industrials,0.334190465632974,0.0458367891205071,0.9541632108794929,0.2031402637932221,0.4808672286550041,364
MTCH,Communication Services,0.3986812685744959,0.0304411579048433,0.9695588420951566,0.1014993037334631,0.4807899511783842,365
FDS,Financials,0.3403066718721921,0.0293810969369654,0.9706189030630346,0.1680074574902444,0.4777105769148606,366
TYL,Information Technology,0.3403108478906751,0.1565320578966953,0.8434679421033047,0.2852469182097871,0.4747387972501976,367
GNRC,Industrials,0.3004747573454441,0.0551337654128019,0.944866234587198,0.2271052528416413,0.4717813491668294,368
WY,Real Estate,0.330469181732011,0.1281059364052724,0.8718940635947275,0.2465286184289476,0.4677144772999069,369
BALL,Materials,0.3294766993838044,0.0415591806269987,0.9584408193730012,0.1610144767708178,0.4676272685966675,370
DXCM,Health Care,0.3149587436599059,0.0930508862071468,0.9069491137928531,0.2256692223677175,0.4657689983121336,371
TRGP,Energy,0.0,0.040408174125145,0.959591825874855,0.5899194666725045,0.4648533877642078,372
TRMB,Information Technology,0.2935123037821425,0.1442475521890082,0.8557524478109917,0.2993918261757614,0.4639482037088829,373
WTW,Financials,0.4599711976381276,0.4893905324618045,0.5106094675381955,0.4218458159022941,0.463725064087398,374
UDR,Real Estate,0.4029064326272188,0.2005158986422559,0.7994841013577441,0.2078460571891605,0.4633616206149589,375
CPT,Real Estate,0.3784342863222723,0.1558488291598636,0.8441511708401364,0.1940874038620908,0.462845286939577,376
RVTY,Health Care,0.342499088938863,0.0714827801693704,0.9285172198306296,0.1486538527940101,0.4601509573629371,377
POOL,Consumer Discretionary,0.2841492278827608,0.0530406089764917,0.9469593910235082,0.2078891010629523,0.4601142387790425,378
PAYC,Industrials,0.3164419553877656,0.0528256137782089,0.9471743862217912,0.1590292460810659,0.4584378718459633,379
MKTX,Unknown,0.2937096594983258,0.05456379089292,0.94543620910708,0.188903078284933,0.4577856500169342,380
DOC,Real Estate,0.3689931819580198,0.1579123823349631,0.8420876176650368,0.1905262391514643,0.4573814298281582,381
JBHT,Industrials,0.274608748976982,0.0415166505716961,0.958483349428304,0.1953687265105351,0.4559991223724445,382
HRL,Consumer Staples,0.2934099048508423,0.028354800640762,0.971645199359238,0.151793532702588,0.4543955815588847,383
ATO,Utilities,0.0,0.0380834296920036,0.9619165703079964,0.535475540438985,0.4492176332240943,384
ETR,Utilities,0.0,0.0369103324858191,0.9630896675141808,0.5297983534650812,0.4478664062937786,385
NI,Utilities,0.0,0.0356868513877579,0.964313148612242,0.5230027782321539,0.4461947780533187,386
AXON,Industrials,0.2538777255975802,0.4116323321019389,0.588367667898061,0.5574016799851558,0.4452818946039971,387
BF-B,Unknown,0.348471014772651,0.0222671767578294,0.9777328232421706,0.0390100558201162,0.4444112696277464,388
BK,Financials,0.0,0.0250642809111121,0.974935719088888,0.5059835901992292,0.4442757927864351,389
JPM,Financials,0.0,0.0240444359020302,0.9759555640979698,0.5006632697636517,0.4429856501584864,390
LLY,Health Care,0.0,0.0968957432412738,0.9031042567587262,0.5734029319168307,0.442952156602667,391
COO,Health Care,0.2603354267642739,0.0620421427402805,0.9379578572597196,0.1913315499994674,0.4429209928834656,392
GS,Financials,0.0,0.0275059785927269,0.972494021407273,0.4971244777113993,0.4408855497356017,393
ENPH,Unknown,0.2738709220140952,0.054041397367814,0.945958602632186,0.1445193962494026,0.4366917684701147,394
AXP,Financials,0.0,0.0412837040615018,0.9587162959384982,0.4898646420117502,0.4345742813850745,395
SO,Utilities,0.0,0.0406940277951481,0.9593059722048518,0.4845494648425898,0.4331566311142324,396
TSLA,Consumer Discretionary,0.4657869859255424,0.5535994005314284,0.4464005994685716,0.3743754833221408,0.4325476192074307,397
RJF,Financials,0.0,0.0260383217816321,0.9739616782183678,0.4656691606864971,0.4318892516714595,398
LYB,Materials,0.3465119477856563,0.2321159102801137,0.7678840897198863,0.2092476673951934,0.4317443062487864,399
WST,Health Care,0.2243152623154741,0.072466656500495,0.927533343499505,0.212429507968098,0.4317149603664705,400
STLD,Materials,0.0,0.0329710268467913,0.9670289731532088,0.4692089286867505,0.4308713705519877,401
WFC,Financials,0.0,0.0204859147330871,0.9795140852669127,0.4551000336764496,0.4303842356830087,402
SYF,Financials,0.0,0.0089555997187626,0.9910444002812374,0.4351973115035724,0.427872513535443,403
LW,Consumer Staples,0.1018551999465218,0.0374861483929819,0.962513851607018,0.3248021284744015,0.4269368740030346,404
PNW,Utilities,0.0,0.0276627250535365,0.9723372749464636,0.4498667721373208,0.4266612141251353,405
MS,Financials,0.0,0.0283395311267051,0.9716604688732948,0.4489950842666659,0.4261966659419882,406
CNP,Utilities,0.0,0.0470054606996902,0.9529945393003098,0.4666557593202195,0.4258950895861587,407
C,Financials,0.0,0.0218597504535574,0.9781402495464426,0.437066230398113,0.4245619439833666,408
PSX,Energy,0.0,0.0561471855564162,0.9438528144435836,0.4685946876877307,0.4237342506393943,409
APO,Financials,0.0,0.0479262157000311,0.9520737842999688,0.4587006765227669,0.4232323382468207,410
HPE,Information Technology,0.0,0.0531982251500702,0.9468017748499298,0.4570761951109016,0.4211633909882494,411
AEP,Utilities,0.0,0.0230289834928824,0.9769710165071176,0.4256647658168067,0.4207907346971772,412
FANG,Energy,0.0,0.0107496696401551,0.9892503303598448,0.4120099918025875,0.4203780966487296,413
MTB,Financials,0.0,0.0172926861379194,0.9827073138620804,0.4178776354984531,0.42017548480816,414
ED,Utilities,0.0,0.0270287771045378,0.972971222895462,0.4253954554099293,0.4195100034916174,415
ORCL,Information Technology,0.0,0.1457820557840639,0.854217944215936,0.5389744493022749,0.4179577180554632,416
PEG,Utilities,0.0,0.0338356886762433,0.9661643113237568,0.4257227158175431,0.4175661081423899,417
FSLR,Information Technology,0.0,0.0284191814037073,0.9715808185962926,0.4178445623733223,0.4168276142908845,418
SRE,Utilities,0.0,0.0328211346033227,0.9671788653966772,0.4169321272613567,0.4152332977974102,419
DUK,Utilities,0.0,0.0320976590824322,0.9679023409175678,0.4134752412778731,0.4144132746586322,420
DTE,Utilities,0.0,0.0314462992636192,0.9685537007363808,0.4071697136801749,0.4127170243249667,421
WEC,Utilities,0.0,0.0350031206395051,0.9649968793604948,0.410505390621471,0.4126506809945897,422
TPL,Energy,0.0,0.084612822832811,0.9153871771671888,0.4526225183595284,0.4104029086580151,423
LEN,Consumer Discretionary,0.0,0.0161935376360406,0.9838064623639594,0.3841701655294152,0.4103929883680124,424
EVRG,Utilities,0.0,0.0321927682286765,0.9678072317713234,0.3950480579610875,0.4088565869197232,425
RF,Financials,0.0,0.0164095687833304,0.9835904312166696,0.3790880874483753,0.4088035555995134,426
HBAN,Financials,0.0,0.0175815716926892,0.9824184283073109,0.3793831878834712,0.4085404848572346,427
PPL,Utilities,0.0,0.047549682914394,0.952450317085606,0.4089319871853712,0.4084146912812931,428
EXC,Utilities,0.0,0.0248075042710493,0.9751924957289508,0.3859145881161764,0.4083321251535382,429
FE,Utilities,0.0,0.0303770545692623,0.9696229454307376,0.3906051828403691,0.408068438481332,430
CMS,Utilities,0.0,0.0340081031777204,0.9659918968222796,0.3882502716519156,0.4062726505422586,431
STT,Financials,0.0,0.0165443676571004,0.9834556323428996,0.3702915969967926,0.4061241688019076,432
CFG,Financials,0.0,0.0244123177978721,0.975587682202128,0.3779232606363804,0.4060532828515525,433
AEE,Utilities,0.0,0.0364354737175949,0.963564526282405,0.3888388262874467,0.4057210057709555,434
PCG,Utilities,0.0,0.0188623041107949,0.9811376958892052,0.3706049246828173,0.4055227861716067,435
LNT,Utilities,0.0,0.0320731331823485,0.9679268668176516,0.3788825944098702,0.4040428383682565,436
XEL,Utilities,0.0,0.0324463720684861,0.967553627931514,0.3723078778979465,0.4019584517488381,437
FITB,Financials,0.0,0.0200723872286057,0.9799276127713944,0.3566194002867994,0.4009641039174581,438
FIS,Financials,0.5127359589132698,0.5619031318145435,0.4380968681854564,0.2144411595145794,0.4008557918753188,439
BAC,Financials,0.0,0.0222024987512796,0.9777975012487204,0.3513155906356604,0.3987339275653142,440
NUE,Materials,0.0,0.0409697399537243,0.9590302600462756,0.3692473501713845,0.398483283065298,441
NTRS,Financials,0.0,0.0224484226970689,0.9775515773029312,0.350710725977603,0.3984786909841602,442
DVN,Energy,0.0,0.0053060015681163,0.9946939984318836,0.3311216613822731,0.397744697944247,443
NCLH,Consumer Discretionary,0.0,0.0265141603528492,0.9734858396471509,0.3515983282113547,0.3975252503575516,444
PODD,Health Care,0.1467377302294205,0.2105520537249804,0.7894479462750196,0.3398872943877685,0.3974956642906046,445
MMM,Industrials,0.0,0.036354425294749,0.9636455747052508,0.3537912362894701,0.3952310432984163,446
PNC,Financials,0.0,0.0193957859232536,0.9806042140767464,0.3341166158767527,0.3944162489860496,447
SCHW,Financials,0.0,0.0442974899952976,0.9557025100047024,0.3573313413116961,0.3939101553949195,448
EIX,Utilities,0.0,0.0064546602858549,0.993545339714145,0.3189058652595883,0.39373536149212,449
BX,Financials,0.0,0.1001145105665852,0.8998854894334148,0.4042799024165526,0.3912496175549902,450
KKR,Financials,0.0,0.1438645703180542,0.8561354296819458,0.4434415815571846,0.3898731033717391,451
PRU,Financials,0.0,0.0387041425942832,0.9612958574057168,0.3323309267957037,0.3880880352604261,452
USB,Financials,0.0,0.0150185149518399,0.98498148504816,0.3079863013112361,0.3878903359078188,453
PSKY,Communication Services,0.7624825413385411,,0.0,0.2655822888006676,0.3846677031756167,454
BG,Consumer Staples,0.0,0.0060374368323762,0.9939625631676238,0.2872978780460289,0.3843781323640958,455
TECH,Health Care,0.2765456671620826,0.2428693251896864,0.7571306748103135,0.1482921408981209,0.3822451115773633,456
TFC,Financials,0.0,0.0159071764501052,0.9840928235498948,0.275243797280896,0.3778009862492372,457
TXN,Information Technology,0.0,0.060665843200599,0.939334156799401,0.3197949606540557,0.377738735236037,458
D,Utilities,0.0,0.0322452372293942,0.9677547627706058,0.2705710107667829,0.3714977320612165,459
AES,Utilities,0.0,0.0105679040750587,0.9894320959249412,0.2455602064673409,0.3704976907176846,460
APD,Materials,0.0,0.0790826936419773,0.9209173063580226,0.3137242406986882,0.3703924641170132,461
NEE,Utilities,0.0,0.0429962785937393,0.9570037214062608,0.2772547772584868,0.3702775495994242,462
KMX,Consumer Discretionary,0.0605760466423676,0.0240042441630834,0.9759957558369166,0.1601304859360754,0.3650682911888446,463
ES,Utilities,0.0,0.0528847828699541,0.947115217130046,0.2621573146571005,0.3627817595361439,464
AWK,Utilities,0.0,0.0420463827111282,0.9579536172888716,0.232794034869188,0.3572242956474179,465
EXE,Energy,0.5277063406006297,,0.0,0.4663504961135248,0.3509876850743093,466
AMCR,Materials,0.0,0.0452992559878083,0.9547007440121916,0.213334285526102,0.3504105088614881,467
HUM,Health Care,0.0,0.0310614898949482,0.9689385101050516,0.1884358870828708,0.3472123191563767,468
PLTR,Information Technology,0.4535189839219096,,0.0,0.5493585968099318,0.3462151726117434,469
LUV,Industrials,0.0,0.1003443635414874,0.8996556364585125,0.2523155987319443,0.345591370557137,470
SBAC,Real Estate,0.0,0.0423201220528918,0.9576798779471082,0.1779997594462211,0.3407038912179987,471
VTRS,Health Care,0.6233916457615228,,0.0,0.2902680670219982,0.3364370784112086,472
DASH,Consumer Discretionary,0.0,0.307654625671727,0.692345374328273,0.3847241246250232,0.3231208496859888,473
DAY,Industrials,0.261516550109566,0.493412326503807,0.5065876734961929,0.1993273382891048,0.3163811235794157,474
CRWD,Information Technology,0.4698522528192484,,0.0,0.4279280185651734,0.3163193066972514,475
DDOG,Information Technology,0.3986848233528775,0.8375054203472195,0.1624945796527804,0.3031579239776316,0.2991696804302746,476
TTWO,Communication Services,0.4491444978354665,,0.0,0.3857318381629221,0.2953773505830632,477
KHC,Consumer Staples,0.551247705449236,,0.0,0.2442958140314126,0.2937878263891181,478
DD,Materials,0.4699855140655247,1.0,0.0,0.3522464341951396,0.2936681358847517,479
SW,Materials,0.0,0.3595539314987008,0.6404460685012991,0.3054832110710908,0.2837787838717169,480
WBA,Unknown,0.6144637894509808,,0.0,0.0848920527581745,0.2712531316078447,481
IFF,Materials,0.5722554833251935,,0.0,0.1160101654972019,0.263705242979238,482
MCHP,Information Technology,0.4224236659687442,,0.0,0.3131060678971558,0.2629012867566444,483
IP,Materials,0.3860015748808112,,0.0,0.3346200632625813,0.2547866489310989,484
BXP,Real Estate,0.4354390676379947,,0.0,0.2643469501058513,0.2534797120869533,485
CCI,Real Estate,0.4594841967322506,,0.0,0.1915455980873435,0.2412573581191033,486
CSGP,Real Estate,0.1627074807541547,0.7260696737159594,0.2739303262840405,0.3061515142453466,0.239107544460478,487
STZ,Consumer Staples,0.4470154114345318,,0.0,0.1602334346183892,0.2268761949593294,488
ARE,Real Estate,0.4614838434998662,,0.0,0.1400598280050899,0.2266114858014734,489
EL,Consumer Staples,0.4806730198746077,,0.0,0.0976902846193171,0.2215762933356382,490
HAS,Consumer Discretionary,0.329260628648304,,0.0,0.290096349575597,0.2187331563320007,491
BAX,Health Care,0.4910676463652223,,0.0,0.0649540276916866,0.2159132668535949,492
SJM,Consumer Staples,0.3101920737506803,,0.0,0.2900397899542782,0.2110887664865556,493
CRL,Health Care,0.3792800530587628,,0.0,0.1274027994101644,0.1899328610465544,494
IRM,Real Estate,0.0,,0.0,0.5447817447392755,0.1634345234217826,495
COF,Financials,0.0,,0.0,0.4184918501635942,0.1255475550490782,496
CZR,Unknown,0.2104157588033837,,0.0,0.1234667675678962,0.1212063337917223,497
BA,Industrials,0.0,,0.0,0.3281782401732078,0.0984534720519623,498
KEY,Financials,0.0,,0.0,0.3213841597324672,0.0964152479197401,499
INTC,Information Technology,0.0,,0.0,0.266045828883822,0.0798137486651466,500
ALB,Materials,0.0,,0.0,0.1852932844233415,0.0555879853270024,501
DOW,Materials,0.0,,0.0,0.1212693653364672,0.0363808096009401,502
MRNA,Health Care,0.0,,0.0,0.0,0.0,503
